country_region_code;country_region;sub_region_1;sub_region_2;metro_area;iso_3166_2_code;census_fips_code;place_id;date;retail_and_recreation_percent_change_from_baseline;grocery_and_pharmacy_percent_change_from_baseline;parks_percent_change_from_baseline;transit_stations_percent_change_from_baseline;workplaces_percent_change_from_baseline;residential_percent_change_from_baseline
PT;Portugal;;;;;;ChIJ1SZCvy0kMgsRQfBOHAlLuCo;15/02/2020;4;0;21;9;1;-1
PT;Portugal;;;;;;ChIJ1SZCvy0kMgsRQfBOHAlLuCo;16/02/2020;-3;2;-14;3;1;0
PT;Portugal;;;;;;ChIJ1SZCvy0kMgsRQfBOHAlLuCo;17/02/2020;0;3;8;3;3;0
PT;Portugal;;;;;;ChIJ1SZCvy0kMgsRQfBOHAlLuCo;18/02/2020;2;3;6;5;3;0
PT;Portugal;;;;;;ChIJ1SZCvy0kMgsRQfBOHAlLuCo;19/02/2020;4;3;24;8;3;-1
PT;Portugal;;;;;;ChIJ1SZCvy0kMgsRQfBOHAlLuCo;20/02/2020;6;3;24;8;2;-1
PT;Portugal;;;;;;ChIJ1SZCvy0kMgsRQfBOHAlLuCo;21/02/2020;4;6;36;11;1;-2
PT;Portugal;;;;;;ChIJ1SZCvy0kMgsRQfBOHAlLuCo;22/02/2020;4;4;47;13;0;-3
PT;Portugal;;;;;;ChIJ1SZCvy0kMgsRQfBOHAlLuCo;23/02/2020;8;5;55;16;1;-4
PT;Portugal;;;;;;ChIJ1SZCvy0kMgsRQfBOHAlLuCo;24/02/2020;18;12;80;-3;-28;3
PT;Portugal;;;;;;ChIJ1SZCvy0kMgsRQfBOHAlLuCo;25/02/2020;-2;0;33;-25;-65;16
PT;Portugal;;;;;;ChIJ1SZCvy0kMgsRQfBOHAlLuCo;26/02/2020;0;4;25;2;-13;2
PT;Portugal;;;;;;ChIJ1SZCvy0kMgsRQfBOHAlLuCo;27/02/2020;4;6;27;6;0;0
PT;Portugal;;;;;;ChIJ1SZCvy0kMgsRQfBOHAlLuCo;28/02/2020;2;10;25;6;1;-1
PT;Portugal;;;;;;ChIJ1SZCvy0kMgsRQfBOHAlLuCo;29/02/2020;0;7;-5;3;1;1
PT;Portugal;;;;;;ChIJ1SZCvy0kMgsRQfBOHAlLuCo;01/03/2020;-8;3;-33;-1;0;2
PT;Portugal;;;;;;ChIJ1SZCvy0kMgsRQfBOHAlLuCo;02/03/2020;3;9;8;4;3;0
PT;Portugal;;;;;;ChIJ1SZCvy0kMgsRQfBOHAlLuCo;03/03/2020;-1;7;-3;1;3;0
PT;Portugal;;;;;;ChIJ1SZCvy0kMgsRQfBOHAlLuCo;04/03/2020;2;7;15;5;2;0
PT;Portugal;;;;;;ChIJ1SZCvy0kMgsRQfBOHAlLuCo;05/03/2020;3;8;14;5;2;0
PT;Portugal;;;;;;ChIJ1SZCvy0kMgsRQfBOHAlLuCo;06/03/2020;0;7;14;5;2;-1
PT;Portugal;;;;;;ChIJ1SZCvy0kMgsRQfBOHAlLuCo;07/03/2020;3;4;27;7;2;-1
PT;Portugal;;;;;;ChIJ1SZCvy0kMgsRQfBOHAlLuCo;08/03/2020;-1;6;-4;1;1;0
PT;Portugal;;;;;;ChIJ1SZCvy0kMgsRQfBOHAlLuCo;09/03/2020;0;11;21;0;2;1
PT;Portugal;;;;;;ChIJ1SZCvy0kMgsRQfBOHAlLuCo;10/03/2020;0;17;20;0;1;0
PT;Portugal;;;;;;ChIJ1SZCvy0kMgsRQfBOHAlLuCo;11/03/2020;-1;26;29;-1;0;1
PT;Portugal;;;;;;ChIJ1SZCvy0kMgsRQfBOHAlLuCo;12/03/2020;-9;28;10;-11;-4;4
PT;Portugal;;;;;;ChIJ1SZCvy0kMgsRQfBOHAlLuCo;13/03/2020;-27;23;-10;-24;-11;9
PT;Portugal;;;;;;ChIJ1SZCvy0kMgsRQfBOHAlLuCo;14/03/2020;-47;-10;-31;-33;-15;13
PT;Portugal;;;;;;ChIJ1SZCvy0kMgsRQfBOHAlLuCo;15/03/2020;-62;-33;-58;-46;-23;15
PT;Portugal;;;;;;ChIJ1SZCvy0kMgsRQfBOHAlLuCo;16/03/2020;-50;-16;-40;-51;-41;22
PT;Portugal;;;;;;ChIJ1SZCvy0kMgsRQfBOHAlLuCo;17/03/2020;-54;-20;-44;-56;-48;24
PT;Portugal;;;;;;ChIJ1SZCvy0kMgsRQfBOHAlLuCo;18/03/2020;-55;-19;-38;-57;-51;24
PT;Portugal;;;;;;ChIJ1SZCvy0kMgsRQfBOHAlLuCo;19/03/2020;-67;-36;-53;-68;-57;30
PT;Portugal;;;;;;ChIJ1SZCvy0kMgsRQfBOHAlLuCo;20/03/2020;-77;-42;-70;-73;-60;36
PT;Portugal;;;;;;ChIJ1SZCvy0kMgsRQfBOHAlLuCo;21/03/2020;-81;-48;-71;-71;-55;26
PT;Portugal;;;;;;ChIJ1SZCvy0kMgsRQfBOHAlLuCo;22/03/2020;-83;-58;-72;-74;-51;22
PT;Portugal;;;;;;ChIJ1SZCvy0kMgsRQfBOHAlLuCo;23/03/2020;-74;-42;-59;-74;-62;32
PT;Portugal;;;;;;ChIJ1SZCvy0kMgsRQfBOHAlLuCo;24/03/2020;-73;-40;-60;-74;-63;33
PT;Portugal;;;;;;ChIJ1SZCvy0kMgsRQfBOHAlLuCo;25/03/2020;-74;-42;-59;-74;-63;32
PT;Portugal;;;;;;ChIJ1SZCvy0kMgsRQfBOHAlLuCo;26/03/2020;-74;-42;-60;-75;-64;33
PT;Portugal;;;;;;ChIJ1SZCvy0kMgsRQfBOHAlLuCo;27/03/2020;-75;-39;-63;-75;-63;36
PT;Portugal;;;;;;ChIJ1SZCvy0kMgsRQfBOHAlLuCo;28/03/2020;-79;-47;-72;-74;-55;25
PT;Portugal;;;;;;ChIJ1SZCvy0kMgsRQfBOHAlLuCo;29/03/2020;-83;-59;-80;-78;-53;22
PT;Portugal;;;;;;ChIJ1SZCvy0kMgsRQfBOHAlLuCo;30/03/2020;-74;-45;-71;-78;-63;33
PT;Portugal;;;;;;ChIJ1SZCvy0kMgsRQfBOHAlLuCo;31/03/2020;-72;-36;-68;-75;-64;33
PT;Portugal;;;;;;ChIJ1SZCvy0kMgsRQfBOHAlLuCo;01/04/2020;-73;-40;-67;-76;-64;33
PT;Portugal;;;;;;ChIJ1SZCvy0kMgsRQfBOHAlLuCo;02/04/2020;-70;-35;-57;-74;-64;33
PT;Portugal;;;;;;ChIJ1SZCvy0kMgsRQfBOHAlLuCo;03/04/2020;-72;-34;-61;-75;-64;36
PT;Portugal;;;;;;ChIJ1SZCvy0kMgsRQfBOHAlLuCo;04/04/2020;-78;-44;-78;-75;-55;25
PT;Portugal;;;;;;ChIJ1SZCvy0kMgsRQfBOHAlLuCo;05/04/2020;-84;-60;-88;-82;-55;23
PT;Portugal;;;;;;ChIJ1SZCvy0kMgsRQfBOHAlLuCo;06/04/2020;-72;-39;-69;-77;-64;33
PT;Portugal;;;;;;ChIJ1SZCvy0kMgsRQfBOHAlLuCo;07/04/2020;-68;-30;-62;-74;-64;32
PT;Portugal;;;;;;ChIJ1SZCvy0kMgsRQfBOHAlLuCo;08/04/2020;-67;-27;-58;-72;-63;30
PT;Portugal;;;;;;ChIJ1SZCvy0kMgsRQfBOHAlLuCo;09/04/2020;-71;-28;-68;-78;-69;35
PT;Portugal;;;;;;ChIJ1SZCvy0kMgsRQfBOHAlLuCo;10/04/2020;-81;-45;-70;-85;-84;46
PT;Portugal;;;;;;ChIJ1SZCvy0kMgsRQfBOHAlLuCo;11/04/2020;-78;-40;-73;-77;-58;26
PT;Portugal;;;;;;ChIJ1SZCvy0kMgsRQfBOHAlLuCo;12/04/2020;-86;-83;-79;-81;-56;23
PT;Portugal;;;;;;ChIJ1SZCvy0kMgsRQfBOHAlLuCo;13/04/2020;-75;-44;-67;-80;-72;37
PT;Portugal;;;;;;ChIJ1SZCvy0kMgsRQfBOHAlLuCo;14/04/2020;-68;-33;-61;-73;-62;31
PT;Portugal;;;;;;ChIJ1SZCvy0kMgsRQfBOHAlLuCo;15/04/2020;-69;-35;-62;-73;-63;32
PT;Portugal;;;;;;ChIJ1SZCvy0kMgsRQfBOHAlLuCo;16/04/2020;-69;-34;-64;-75;-63;33
PT;Portugal;;;;;;ChIJ1SZCvy0kMgsRQfBOHAlLuCo;17/04/2020;-69;-30;-58;-73;-62;35
PT;Portugal;;;;;;ChIJ1SZCvy0kMgsRQfBOHAlLuCo;18/04/2020;-72;-40;-63;-70;-49;22
PT;Portugal;;;;;;ChIJ1SZCvy0kMgsRQfBOHAlLuCo;19/04/2020;-78;-53;-70;-75;-47;20
PT;Portugal;;;;;;ChIJ1SZCvy0kMgsRQfBOHAlLuCo;20/04/2020;-69;-44;-66;-77;-60;32
PT;Portugal;;;;;;ChIJ1SZCvy0kMgsRQfBOHAlLuCo;21/04/2020;-66;-36;-58;-74;-60;31
PT;Portugal;;;;;;ChIJ1SZCvy0kMgsRQfBOHAlLuCo;22/04/2020;-67;-38;-52;-73;-60;30
PT;Portugal;;;;;;ChIJ1SZCvy0kMgsRQfBOHAlLuCo;23/04/2020;-65;-36;-47;-73;-60;30
PT;Portugal;;;;;;ChIJ1SZCvy0kMgsRQfBOHAlLuCo;24/04/2020;-68;-33;-54;-73;-59;33
PT;Portugal;;;;;;ChIJ1SZCvy0kMgsRQfBOHAlLuCo;25/04/2020;-73;-41;-64;-71;-51;23
PT;Portugal;;;;;;ChIJ1SZCvy0kMgsRQfBOHAlLuCo;26/04/2020;-77;-50;-69;-74;-45;19
PT;Portugal;;;;;;ChIJ1SZCvy0kMgsRQfBOHAlLuCo;27/04/2020;-65;-37;-52;-73;-58;30
PT;Portugal;;;;;;ChIJ1SZCvy0kMgsRQfBOHAlLuCo;28/04/2020;-63;-31;-50;-71;-58;27
PT;Portugal;;;;;;ChIJ1SZCvy0kMgsRQfBOHAlLuCo;29/04/2020;-64;-32;-54;-72;-58;29
PT;Portugal;;;;;;ChIJ1SZCvy0kMgsRQfBOHAlLuCo;30/04/2020;-60;-19;-42;-66;-57;27
PT;Portugal;;;;;;ChIJ1SZCvy0kMgsRQfBOHAlLuCo;01/05/2020;-77;-44;-60;-81;-81;43
PT;Portugal;;;;;;ChIJ1SZCvy0kMgsRQfBOHAlLuCo;02/05/2020;-71;-33;-54;-67;-46;22
PT;Portugal;;;;;;ChIJ1SZCvy0kMgsRQfBOHAlLuCo;03/05/2020;-72;-44;-51;-67;-35;17
PT;Portugal;;;;;;ChIJ1SZCvy0kMgsRQfBOHAlLuCo;04/05/2020;-58;-27;-40;-65;-52;26
PT;Portugal;;;;;;ChIJ1SZCvy0kMgsRQfBOHAlLuCo;05/05/2020;-57;-24;-33;-64;-51;25
PT;Portugal;;;;;;ChIJ1SZCvy0kMgsRQfBOHAlLuCo;06/05/2020;-56;-23;-21;-61;-51;24
PT;Portugal;;;;;;ChIJ1SZCvy0kMgsRQfBOHAlLuCo;07/05/2020;-55;-22;-15;-62;-51;25
PT;Portugal;;;;;;ChIJ1SZCvy0kMgsRQfBOHAlLuCo;08/05/2020;-58;-19;-29;-62;-49;27
PT;Portugal;;;;;;ChIJ1SZCvy0kMgsRQfBOHAlLuCo;09/05/2020;-63;-26;-54;-62;-33;18
PT;Portugal;;;;;;ChIJ1SZCvy0kMgsRQfBOHAlLuCo;10/05/2020;-68;-36;-48;-66;-32;14
PT;Portugal;;;;;;ChIJ1SZCvy0kMgsRQfBOHAlLuCo;11/05/2020;-56;-25;-39;-63;-48;25
PT;Portugal;;;;;;ChIJ1SZCvy0kMgsRQfBOHAlLuCo;12/05/2020;-54;-21;-28;-61;-48;25
PT;Portugal;;;;;;ChIJ1SZCvy0kMgsRQfBOHAlLuCo;13/05/2020;-58;-27;-43;-63;-48;25
PT;Portugal;;;;;;ChIJ1SZCvy0kMgsRQfBOHAlLuCo;14/05/2020;-56;-22;-36;-62;-48;24
PT;Portugal;;;;;;ChIJ1SZCvy0kMgsRQfBOHAlLuCo;15/05/2020;-57;-19;-27;-60;-46;26
PT;Portugal;;;;;;ChIJ1SZCvy0kMgsRQfBOHAlLuCo;16/05/2020;-57;-21;-10;-52;-26;14
PT;Portugal;;;;;;ChIJ1SZCvy0kMgsRQfBOHAlLuCo;17/05/2020;-62;-30;-4;-57;-23;10
PT;Portugal;;;;;;ChIJ1SZCvy0kMgsRQfBOHAlLuCo;18/05/2020;-44;-22;-1;-57;-42;21
PT;Portugal;;;;;;ChIJ1SZCvy0kMgsRQfBOHAlLuCo;19/05/2020;-43;-20;0;-56;-42;21
PT;Portugal;;;;;;ChIJ1SZCvy0kMgsRQfBOHAlLuCo;20/05/2020;-43;-19;4;-54;-42;20
PT;Portugal;;;;;;ChIJ1SZCvy0kMgsRQfBOHAlLuCo;21/05/2020;-41;-16;13;-54;-44;21
PT;Portugal;;;;;;ChIJ1SZCvy0kMgsRQfBOHAlLuCo;22/05/2020;-44;-15;5;-55;-42;21
PT;Portugal;;;;;;ChIJ1SZCvy0kMgsRQfBOHAlLuCo;23/05/2020;-45;-18;14;-48;-18;10
PT;Portugal;;;;;;ChIJ1SZCvy0kMgsRQfBOHAlLuCo;24/05/2020;-49;-27;19;-53;-15;7
PT;Portugal;;;;;;ChIJ1SZCvy0kMgsRQfBOHAlLuCo;25/05/2020;-40;-18;12;-55;-41;19
PT;Portugal;;;;;;ChIJ1SZCvy0kMgsRQfBOHAlLuCo;26/05/2020;-39;-17;18;-54;-39;19
PT;Portugal;;;;;;ChIJ1SZCvy0kMgsRQfBOHAlLuCo;27/05/2020;-38;-17;31;-52;-39;18
PT;Portugal;;;;;;ChIJ1SZCvy0kMgsRQfBOHAlLuCo;28/05/2020;-36;-12;32;-52;-39;18
PT;Portugal;;;;;;ChIJ1SZCvy0kMgsRQfBOHAlLuCo;29/05/2020;-39;-11;23;-51;-38;18
PT;Portugal;;;;;;ChIJ1SZCvy0kMgsRQfBOHAlLuCo;30/05/2020;-41;-14;13;-45;-10;8
PT;Portugal;;;;;;ChIJ1SZCvy0kMgsRQfBOHAlLuCo;31/05/2020;-45;-22;-2;-50;-5;6
PT;Portugal;;;;;;ChIJ1SZCvy0kMgsRQfBOHAlLuCo;01/06/2020;-29;-8;7;-46;-35;16
PT;Portugal;;;;;;ChIJ1SZCvy0kMgsRQfBOHAlLuCo;02/06/2020;-32;-12;0;-47;-34;17
PT;Portugal;;;;;;ChIJ1SZCvy0kMgsRQfBOHAlLuCo;03/06/2020;-32;-12;8;-45;-34;16
PT;Portugal;;;;;;ChIJ1SZCvy0kMgsRQfBOHAlLuCo;04/06/2020;-31;-11;6;-45;-34;16
PT;Portugal;;;;;;ChIJ1SZCvy0kMgsRQfBOHAlLuCo;05/06/2020;-33;-10;9;-46;-33;17
PT;Portugal;;;;;;ChIJ1SZCvy0kMgsRQfBOHAlLuCo;06/06/2020;-35;-13;5;-39;-7;8
PT;Portugal;;;;;;ChIJ1SZCvy0kMgsRQfBOHAlLuCo;07/06/2020;-38;-19;-5;-47;-2;7
PT;Portugal;;;;;;ChIJ1SZCvy0kMgsRQfBOHAlLuCo;08/06/2020;-28;-8;8;-47;-35;16
PT;Portugal;;;;;;ChIJ1SZCvy0kMgsRQfBOHAlLuCo;09/06/2020;-23;-2;21;-43;-35;13
PT;Portugal;;;;;;ChIJ1SZCvy0kMgsRQfBOHAlLuCo;10/06/2020;-27;-8;92;-56;-67;19
PT;Portugal;;;;;;ChIJ1SZCvy0kMgsRQfBOHAlLuCo;11/06/2020;-35;-14;36;-64;-71;26
PT;Portugal;;;;;;ChIJ1SZCvy0kMgsRQfBOHAlLuCo;12/06/2020;-32;-5;7;-51;-46;20
PT;Portugal;;;;;;ChIJ1SZCvy0kMgsRQfBOHAlLuCo;13/06/2020;-35;-16;19;-45;-6;8
PT;Portugal;;;;;;ChIJ1SZCvy0kMgsRQfBOHAlLuCo;14/06/2020;-37;-22;8;-46;5;4
PT;Portugal;;;;;;ChIJ1SZCvy0kMgsRQfBOHAlLuCo;15/06/2020;-28;-13;3;-46;-32;15
PT;Portugal;;;;;;ChIJ1SZCvy0kMgsRQfBOHAlLuCo;16/06/2020;-25;-8;0;-44;-32;15
PT;Portugal;;;;;;ChIJ1SZCvy0kMgsRQfBOHAlLuCo;17/06/2020;-26;-11;12;-43;-31;14
PT;Portugal;;;;;;ChIJ1SZCvy0kMgsRQfBOHAlLuCo;18/06/2020;-26;-11;16;-44;-32;14
PT;Portugal;;;;;;ChIJ1SZCvy0kMgsRQfBOHAlLuCo;19/06/2020;-28;-10;16;-44;-31;14
PT;Portugal;;;;;;ChIJ1SZCvy0kMgsRQfBOHAlLuCo;20/06/2020;-30;-13;31;-39;-1;5
PT;Portugal;;;;;;ChIJ1SZCvy0kMgsRQfBOHAlLuCo;21/06/2020;-34;-19;24;-43;5;4
PT;Portugal;;;;;;ChIJ1SZCvy0kMgsRQfBOHAlLuCo;22/06/2020;-27;-12;27;-45;-33;14
PT;Portugal;;;;;;ChIJ1SZCvy0kMgsRQfBOHAlLuCo;23/06/2020;-26;-7;16;-44;-32;13
PT;Portugal;;;;;;ChIJ1SZCvy0kMgsRQfBOHAlLuCo;24/06/2020;-29;-14;23;-48;-40;16
PT;Portugal;;;;;;ChIJ1SZCvy0kMgsRQfBOHAlLuCo;25/06/2020;-26;-10;16;-44;-32;15
PT;Portugal;;;;;;ChIJ1SZCvy0kMgsRQfBOHAlLuCo;26/06/2020;-29;-10;12;-44;-31;14
PT;Portugal;;;;;;ChIJ1SZCvy0kMgsRQfBOHAlLuCo;27/06/2020;-32;-13;11;-41;-4;7
PT;Portugal;;;;;;ChIJ1SZCvy0kMgsRQfBOHAlLuCo;28/06/2020;-34;-19;19;-44;5;4
PT;Portugal;;;;;;ChIJ1SZCvy0kMgsRQfBOHAlLuCo;29/06/2020;-24;-12;24;-45;-33;13
PT;Portugal;;;;;;ChIJ1SZCvy0kMgsRQfBOHAlLuCo;30/06/2020;-20;-5;22;-42;-31;12
PT;Portugal;;;;;;ChIJ1SZCvy0kMgsRQfBOHAlLuCo;01/07/2020;-19;-5;30;-39;-31;11
PT;Portugal;;;;;;ChIJ1SZCvy0kMgsRQfBOHAlLuCo;02/07/2020;-18;-4;33;-39;-31;12
PT;Portugal;;;;;;ChIJ1SZCvy0kMgsRQfBOHAlLuCo;03/07/2020;-22;-4;29;-39;-30;12
PT;Portugal;;;;;;ChIJ1SZCvy0kMgsRQfBOHAlLuCo;04/07/2020;-25;-8;44;-34;-3;4
PT;Portugal;;;;;;ChIJ1SZCvy0kMgsRQfBOHAlLuCo;05/07/2020;-29;-15;43;-38;3;1
PT;Portugal;;;;;;ChIJ1SZCvy0kMgsRQfBOHAlLuCo;06/07/2020;-20;-5;51;-41;-32;11
PT;Portugal;;;;;;ChIJ1SZCvy0kMgsRQfBOHAlLuCo;07/07/2020;-18;-2;46;-38;-32;11
PT;Portugal;;;;;;ChIJ1SZCvy0kMgsRQfBOHAlLuCo;08/07/2020;-17;-2;44;-37;-31;11
PT;Portugal;;;;;;ChIJ1SZCvy0kMgsRQfBOHAlLuCo;09/07/2020;-16;-3;50;-39;-31;11
PT;Portugal;;;;;;ChIJ1SZCvy0kMgsRQfBOHAlLuCo;10/07/2020;-22;-4;49;-38;-30;11
PT;Portugal;;;;;;ChIJ1SZCvy0kMgsRQfBOHAlLuCo;11/07/2020;-26;-8;56;-34;-3;3
PT;Portugal;;;;;;ChIJ1SZCvy0kMgsRQfBOHAlLuCo;12/07/2020;-28;-13;46;-37;3;1
PT;Portugal;;;;;;ChIJ1SZCvy0kMgsRQfBOHAlLuCo;13/07/2020;-18;-4;62;-40;-31;11
PT;Portugal;;;;;;ChIJ1SZCvy0kMgsRQfBOHAlLuCo;14/07/2020;-17;-3;49;-39;-32;11
PT;Portugal;;;;;;ChIJ1SZCvy0kMgsRQfBOHAlLuCo;15/07/2020;-15;-5;68;-36;-30;10
PT;Portugal;;;;;;ChIJ1SZCvy0kMgsRQfBOHAlLuCo;16/07/2020;-15;-3;79;-38;-31;10
PT;Portugal;;;;;;ChIJ1SZCvy0kMgsRQfBOHAlLuCo;17/07/2020;-20;-2;72;-38;-30;9
PT;Portugal;;;;;;ChIJ1SZCvy0kMgsRQfBOHAlLuCo;18/07/2020;-24;-6;68;-32;-4;2
PT;Portugal;;;;;;ChIJ1SZCvy0kMgsRQfBOHAlLuCo;19/07/2020;-25;-12;47;-35;2;1
PT;Portugal;;;;;;ChIJ1SZCvy0kMgsRQfBOHAlLuCo;20/07/2020;-14;-1;62;-39;-33;11
PT;Portugal;;;;;;ChIJ1SZCvy0kMgsRQfBOHAlLuCo;21/07/2020;-14;-2;58;-39;-33;11
PT;Portugal;;;;;;ChIJ1SZCvy0kMgsRQfBOHAlLuCo;22/07/2020;-14;-3;82;-36;-31;10
PT;Portugal;;;;;;ChIJ1SZCvy0kMgsRQfBOHAlLuCo;23/07/2020;-12;0;82;-36;-31;10
PT;Portugal;;;;;;ChIJ1SZCvy0kMgsRQfBOHAlLuCo;24/07/2020;-18;-1;67;-38;-30;10
PT;Portugal;;;;;;ChIJ1SZCvy0kMgsRQfBOHAlLuCo;25/07/2020;-21;-5;64;-30;-4;2
PT;Portugal;;;;;;ChIJ1SZCvy0kMgsRQfBOHAlLuCo;26/07/2020;-23;-12;54;-33;2;0
PT;Portugal;;;;;;ChIJ1SZCvy0kMgsRQfBOHAlLuCo;27/07/2020;-13;0;70;-38;-34;11
PT;Portugal;;;;;;ChIJ1SZCvy0kMgsRQfBOHAlLuCo;28/07/2020;-11;2;68;-37;-33;10
PT;Portugal;;;;;;ChIJ1SZCvy0kMgsRQfBOHAlLuCo;29/07/2020;-10;0;92;-35;-33;9
PT;Portugal;;;;;;ChIJ1SZCvy0kMgsRQfBOHAlLuCo;30/07/2020;-8;3;83;-35;-34;9
PT;Portugal;;;;;;ChIJ1SZCvy0kMgsRQfBOHAlLuCo;31/07/2020;-13;4;73;-34;-33;9
PT;Portugal;;;;;;ChIJ1SZCvy0kMgsRQfBOHAlLuCo;01/08/2020;-17;0;65;-25;-6;1
PT;Portugal;;;;;;ChIJ1SZCvy0kMgsRQfBOHAlLuCo;02/08/2020;-16;-4;55;-28;1;0
PT;Portugal;;;;;;ChIJ1SZCvy0kMgsRQfBOHAlLuCo;03/08/2020;-4;9;87;-34;-37;10
PT;Portugal;;;;;;ChIJ1SZCvy0kMgsRQfBOHAlLuCo;04/08/2020;-3;9;101;-33;-37;10
PT;Portugal;;;;;;ChIJ1SZCvy0kMgsRQfBOHAlLuCo;05/08/2020;-2;7;120;-32;-37;9
PT;Portugal;;;;;;ChIJ1SZCvy0kMgsRQfBOHAlLuCo;06/08/2020;-1;7;129;-33;-37;9
PT;Portugal;;;;;;ChIJ1SZCvy0kMgsRQfBOHAlLuCo;07/08/2020;-9;4;97;-33;-37;9
PT;Portugal;;;;;;ChIJ1SZCvy0kMgsRQfBOHAlLuCo;08/08/2020;-12;-2;87;-24;-8;1
PT;Portugal;;;;;;ChIJ1SZCvy0kMgsRQfBOHAlLuCo;09/08/2020;-12;-4;67;-26;0;-1
PT;Portugal;;;;;;ChIJ1SZCvy0kMgsRQfBOHAlLuCo;10/08/2020;2;12;110;-33;-40;10
PT;Portugal;;;;;;ChIJ1SZCvy0kMgsRQfBOHAlLuCo;11/08/2020;1;10;104;-33;-40;10
PT;Portugal;;;;;;ChIJ1SZCvy0kMgsRQfBOHAlLuCo;12/08/2020;3;9;108;-32;-40;10
PT;Portugal;;;;;;ChIJ1SZCvy0kMgsRQfBOHAlLuCo;13/08/2020;2;7;140;-32;-40;9
PT;Portugal;;;;;;ChIJ1SZCvy0kMgsRQfBOHAlLuCo;14/08/2020;-6;8;111;-32;-39;9
PT;Portugal;;;;;;ChIJ1SZCvy0kMgsRQfBOHAlLuCo;15/08/2020;-13;-2;93;-24;-20;1
PT;Portugal;;;;;;ChIJ1SZCvy0kMgsRQfBOHAlLuCo;16/08/2020;-12;-4;60;-24;0;-1
PT;Portugal;;;;;;ChIJ1SZCvy0kMgsRQfBOHAlLuCo;17/08/2020;-1;12;93;-35;-44;11
PT;Portugal;;;;;;ChIJ1SZCvy0kMgsRQfBOHAlLuCo;18/08/2020;0;10;108;-34;-42;11
PT;Portugal;;;;;;ChIJ1SZCvy0kMgsRQfBOHAlLuCo;19/08/2020;-1;8;124;-33;-43;10
PT;Portugal;;;;;;ChIJ1SZCvy0kMgsRQfBOHAlLuCo;20/08/2020;-3;6;97;-36;-44;11
PT;Portugal;;;;;;ChIJ1SZCvy0kMgsRQfBOHAlLuCo;21/08/2020;-10;4;111;-34;-43;11
PT;Portugal;;;;;;ChIJ1SZCvy0kMgsRQfBOHAlLuCo;22/08/2020;-15;-5;96;-23;-10;1
PT;Portugal;;;;;;ChIJ1SZCvy0kMgsRQfBOHAlLuCo;23/08/2020;-16;-9;76;-26;2;-2
PT;Portugal;;;;;;ChIJ1SZCvy0kMgsRQfBOHAlLuCo;24/08/2020;-5;5;132;-36;-42;9
PT;Portugal;;;;;;ChIJ1SZCvy0kMgsRQfBOHAlLuCo;25/08/2020;-4;6;129;-34;-42;9
PT;Portugal;;;;;;ChIJ1SZCvy0kMgsRQfBOHAlLuCo;26/08/2020;-5;4;137;-33;-41;9
PT;Portugal;;;;;;ChIJ1SZCvy0kMgsRQfBOHAlLuCo;27/08/2020;-4;4;126;-34;-41;9
PT;Portugal;;;;;;ChIJ1SZCvy0kMgsRQfBOHAlLuCo;28/08/2020;-12;4;88;-34;-41;10
PT;Portugal;;;;;;ChIJ1SZCvy0kMgsRQfBOHAlLuCo;29/08/2020;-16;-5;63;-25;-10;1
PT;Portugal;;;;;;ChIJ1SZCvy0kMgsRQfBOHAlLuCo;30/08/2020;-16;-9;50;-26;3;-1
PT;Portugal;;;;;;ChIJ1SZCvy0kMgsRQfBOHAlLuCo;31/08/2020;-6;6;78;-33;-37;9
PT;Portugal;;;;;;ChIJ1SZCvy0kMgsRQfBOHAlLuCo;01/09/2020;-5;8;68;-30;-34;8
PT;Portugal;;;;;;ChIJ1SZCvy0kMgsRQfBOHAlLuCo;02/09/2020;-6;3;92;-30;-33;7
PT;Portugal;;;;;;ChIJ1SZCvy0kMgsRQfBOHAlLuCo;03/09/2020;-5;2;102;-31;-34;7
PT;Portugal;;;;;;ChIJ1SZCvy0kMgsRQfBOHAlLuCo;04/09/2020;-12;1;78;-31;-33;8
PT;Portugal;;;;;;ChIJ1SZCvy0kMgsRQfBOHAlLuCo;05/09/2020;-15;-5;73;-22;-8;1
PT;Portugal;;;;;;ChIJ1SZCvy0kMgsRQfBOHAlLuCo;06/09/2020;-16;-7;61;-25;1;-2
PT;Portugal;;;;;;ChIJ1SZCvy0kMgsRQfBOHAlLuCo;07/09/2020;-8;3;78;-32;-33;8
PT;Portugal;;;;;;ChIJ1SZCvy0kMgsRQfBOHAlLuCo;08/09/2020;-6;6;73;-30;-32;8
PT;Portugal;;;;;;ChIJ1SZCvy0kMgsRQfBOHAlLuCo;09/09/2020;-8;3;80;-29;-31;7
PT;Portugal;;;;;;ChIJ1SZCvy0kMgsRQfBOHAlLuCo;10/09/2020;-6;3;83;-29;-31;6
PT;Portugal;;;;;;ChIJ1SZCvy0kMgsRQfBOHAlLuCo;11/09/2020;-12;0;68;-29;-31;6
PT;Portugal;;;;;;ChIJ1SZCvy0kMgsRQfBOHAlLuCo;12/09/2020;-16;-5;65;-23;-6;0
PT;Portugal;;;;;;ChIJ1SZCvy0kMgsRQfBOHAlLuCo;13/09/2020;-18;-8;35;-27;1;-1
PT;Portugal;;;;;;ChIJ1SZCvy0kMgsRQfBOHAlLuCo;14/09/2020;-10;1;45;-31;-27;8
PT;Portugal;;;;;;ChIJ1SZCvy0kMgsRQfBOHAlLuCo;15/09/2020;-10;2;38;-30;-27;8
PT;Portugal;;;;;;ChIJ1SZCvy0kMgsRQfBOHAlLuCo;16/09/2020;-7;5;44;-27;-27;7
PT;Portugal;;;;;;ChIJ1SZCvy0kMgsRQfBOHAlLuCo;17/09/2020;-10;2;26;-30;-28;7
PT;Portugal;;;;;;ChIJ1SZCvy0kMgsRQfBOHAlLuCo;18/09/2020;-20;-4;2;-32;-27;8
PT;Portugal;;;;;;ChIJ1SZCvy0kMgsRQfBOHAlLuCo;19/09/2020;-21;-5;-4;-30;-7;6
PT;Portugal;;;;;;ChIJ1SZCvy0kMgsRQfBOHAlLuCo;20/09/2020;-21;-7;0;-31;0;5
PT;Portugal;;;;;;ChIJ1SZCvy0kMgsRQfBOHAlLuCo;21/09/2020;-12;0;29;-30;-27;7
PT;Portugal;;;;;;ChIJ1SZCvy0kMgsRQfBOHAlLuCo;22/09/2020;-14;2;17;-29;-25;7
PT;Portugal;;;;;;ChIJ1SZCvy0kMgsRQfBOHAlLuCo;23/09/2020;-15;2;17;-28;-23;7
PT;Portugal;;;;;;ChIJ1SZCvy0kMgsRQfBOHAlLuCo;24/09/2020;-15;1;20;-29;-24;7
PT;Portugal;;;;;;ChIJ1SZCvy0kMgsRQfBOHAlLuCo;25/09/2020;-19;0;12;-29;-23;7
PT;Portugal;;;;;;ChIJ1SZCvy0kMgsRQfBOHAlLuCo;26/09/2020;-22;-4;5;-27;-4;5
PT;Portugal;;;;;;ChIJ1SZCvy0kMgsRQfBOHAlLuCo;27/09/2020;-23;-9;1;-30;-1;5
PT;Portugal;;;;;;ChIJ1SZCvy0kMgsRQfBOHAlLuCo;28/09/2020;-16;3;11;-31;-21;8
PT;Portugal;;;;;;ChIJ1SZCvy0kMgsRQfBOHAlLuCo;29/09/2020;-14;4;14;-27;-21;7
PT;Portugal;;;;;;ChIJ1SZCvy0kMgsRQfBOHAlLuCo;30/09/2020;-12;7;17;-23;-21;5
PT;Portugal;;;;;;ChIJ1SZCvy0kMgsRQfBOHAlLuCo;01/10/2020;-12;7;13;-25;-19;6
PT;Portugal;;;;;;ChIJ1SZCvy0kMgsRQfBOHAlLuCo;02/10/2020;-19;3;-9;-26;-20;7
PT;Portugal;;;;;;ChIJ1SZCvy0kMgsRQfBOHAlLuCo;03/10/2020;-17;1;8;-23;-7;3
PT;Portugal;;;;;;ChIJ1SZCvy0kMgsRQfBOHAlLuCo;04/10/2020;-17;-6;3;-30;-6;4
PT;Portugal;;;;;;ChIJ1SZCvy0kMgsRQfBOHAlLuCo;05/10/2020;-21;-5;32;-50;-73;20
PT;Portugal;;;;;;ChIJ1SZCvy0kMgsRQfBOHAlLuCo;06/10/2020;-15;4;7;-24;-21;6
PT;Portugal;;;;;;ChIJ1SZCvy0kMgsRQfBOHAlLuCo;07/10/2020;-14;2;23;-23;-18;6
PT;Portugal;;;;;;ChIJ1SZCvy0kMgsRQfBOHAlLuCo;08/10/2020;-12;5;23;-25;-19;6
PT;Portugal;;;;;;ChIJ1SZCvy0kMgsRQfBOHAlLuCo;09/10/2020;-18;1;15;-25;-18;6
PT;Portugal;;;;;;ChIJ1SZCvy0kMgsRQfBOHAlLuCo;10/10/2020;-19;-4;23;-24;-4;5
PT;Portugal;;;;;;ChIJ1SZCvy0kMgsRQfBOHAlLuCo;11/10/2020;-21;-7;15;-28;-2;5
PT;Portugal;;;;;;ChIJ1SZCvy0kMgsRQfBOHAlLuCo;12/10/2020;-15;2;19;-28;-18;7
PT;Portugal;;;;;;ChIJ1SZCvy0kMgsRQfBOHAlLuCo;13/10/2020;-17;1;4;-27;-17;7
PT;Portugal;;;;;;ChIJ1SZCvy0kMgsRQfBOHAlLuCo;14/10/2020;-17;1;7;-25;-16;7
PT;Portugal;;;;;;ChIJ1SZCvy0kMgsRQfBOHAlLuCo;15/10/2020;-16;3;9;-26;-16;7
PT;Portugal;;;;;;ChIJ1SZCvy0kMgsRQfBOHAlLuCo;16/10/2020;-20;4;4;-26;-15;7
PT;Portugal;;;;;;ChIJ1SZCvy0kMgsRQfBOHAlLuCo;17/10/2020;-24;-3;-3;-28;-5;7
PT;Portugal;;;;;;ChIJ1SZCvy0kMgsRQfBOHAlLuCo;18/10/2020;-27;-10;-5;-33;-4;6
PT;Portugal;;;;;;ChIJ1SZCvy0kMgsRQfBOHAlLuCo;19/10/2020;-28;-5;-26;-35;-17;10
PT;Portugal;;;;;;ChIJ1SZCvy0kMgsRQfBOHAlLuCo;20/10/2020;-28;-6;-37;-36;-18;11
PT;Portugal;;;;;;ChIJ1SZCvy0kMgsRQfBOHAlLuCo;21/10/2020;-19;3;-10;-29;-15;9
PT;Portugal;;;;;;ChIJ1SZCvy0kMgsRQfBOHAlLuCo;22/10/2020;-17;2;0;-29;-15;8
PT;Portugal;;;;;;ChIJ1SZCvy0kMgsRQfBOHAlLuCo;23/10/2020;-21;5;-2;-27;-15;8
PT;Portugal;;;;;;ChIJ1SZCvy0kMgsRQfBOHAlLuCo;24/10/2020;-26;-3;-19;-32;-6;8
PT;Portugal;;;;;;ChIJ1SZCvy0kMgsRQfBOHAlLuCo;25/10/2020;-35;-14;-47;-41;-8;9
PT;Portugal;;;;;;ChIJ1SZCvy0kMgsRQfBOHAlLuCo;26/10/2020;-20;0;-7;-32;-16;9
PT;Portugal;;;;;;ChIJ1SZCvy0kMgsRQfBOHAlLuCo;27/10/2020;-21;0;-18;-31;-16;9
PT;Portugal;;;;;;ChIJ1SZCvy0kMgsRQfBOHAlLuCo;28/10/2020;-17;3;-4;-29;-15;8
PT;Portugal;;;;;;ChIJ1SZCvy0kMgsRQfBOHAlLuCo;29/10/2020;-15;6;6;-27;-15;7
PT;Portugal;;;;;;ChIJ1SZCvy0kMgsRQfBOHAlLuCo;30/10/2020;-26;2;-10;-36;-17;11
PT;Portugal;;;;;;ChIJ1SZCvy0kMgsRQfBOHAlLuCo;31/10/2020;-35;-6;-27;-43;-8;12
PT;Portugal;;;;;;ChIJ1SZCvy0kMgsRQfBOHAlLuCo;01/11/2020;-44;-20;-47;-51;-13;13
PT;Portugal;;;;;;ChIJ1SZCvy0kMgsRQfBOHAlLuCo;02/11/2020;-27;-3;-23;-40;-18;12
PT;Portugal;;;;;;ChIJ1SZCvy0kMgsRQfBOHAlLuCo;03/11/2020;-20;1;-18;-34;-17;10
PT;Portugal;;;;;;ChIJ1SZCvy0kMgsRQfBOHAlLuCo;04/11/2020;-21;0;-17;-33;-17;10
PT;Portugal;;;;;;ChIJ1SZCvy0kMgsRQfBOHAlLuCo;05/11/2020;-22;-1;-23;-36;-18;11
PT;Portugal;;;;;;ChIJ1SZCvy0kMgsRQfBOHAlLuCo;06/11/2020;-30;-3;-36;-39;-19;13
PT;Portugal;;;;;;ChIJ1SZCvy0kMgsRQfBOHAlLuCo;07/11/2020;-30;-5;-37;-39;-10;10
PT;Portugal;;;;;;ChIJ1SZCvy0kMgsRQfBOHAlLuCo;08/11/2020;-37;-16;-48;-46;-12;10
PT;Portugal;;;;;;ChIJ1SZCvy0kMgsRQfBOHAlLuCo;09/11/2020;-24;-1;-19;-38;-19;12
PT;Portugal;;;;;;ChIJ1SZCvy0kMgsRQfBOHAlLuCo;10/11/2020;-22;0;-15;-35;-18;11
PT;Portugal;;;;;;ChIJ1SZCvy0kMgsRQfBOHAlLuCo;11/11/2020;-22;1;-12;-34;-19;11
PT;Portugal;;;;;;ChIJ1SZCvy0kMgsRQfBOHAlLuCo;12/11/2020;-20;1;-8;-36;-19;11
PT;Portugal;;;;;;ChIJ1SZCvy0kMgsRQfBOHAlLuCo;13/11/2020;-24;11;-18;-35;-19;11
PT;Portugal;;;;;;ChIJ1SZCvy0kMgsRQfBOHAlLuCo;14/11/2020;-56;-33;-55;-60;-23;18
PT;Portugal;;;;;;ChIJ1SZCvy0kMgsRQfBOHAlLuCo;15/11/2020;-57;-40;-56;-62;-26;16
PT;Portugal;;;;;;ChIJ1SZCvy0kMgsRQfBOHAlLuCo;16/11/2020;-23;1;-14;-37;-18;11
PT;Portugal;;;;;;ChIJ1SZCvy0kMgsRQfBOHAlLuCo;17/11/2020;-22;-1;-16;-36;-18;11
PT;Portugal;;;;;;ChIJ1SZCvy0kMgsRQfBOHAlLuCo;18/11/2020;-22;-3;-13;-35;-18;11
PT;Portugal;;;;;;ChIJ1SZCvy0kMgsRQfBOHAlLuCo;19/11/2020;-19;1;-9;-36;-19;11
PT;Portugal;;;;;;ChIJ1SZCvy0kMgsRQfBOHAlLuCo;20/11/2020;-22;9;-16;-35;-18;11
PT;Portugal;;;;;;ChIJ1SZCvy0kMgsRQfBOHAlLuCo;21/11/2020;-53;-31;-43;-56;-23;17
PT;Portugal;;;;;;ChIJ1SZCvy0kMgsRQfBOHAlLuCo;22/11/2020;-53;-35;-45;-58;-26;15
PT;Portugal;;;;;;ChIJ1SZCvy0kMgsRQfBOHAlLuCo;23/11/2020;-20;4;-18;-38;-18;10
PT;Portugal;;;;;;ChIJ1SZCvy0kMgsRQfBOHAlLuCo;24/11/2020;-20;2;-23;-37;-18;11
PT;Portugal;;;;;;ChIJ1SZCvy0kMgsRQfBOHAlLuCo;25/11/2020;-23;-2;-33;-39;-18;12
PT;Portugal;;;;;;ChIJ1SZCvy0kMgsRQfBOHAlLuCo;26/11/2020;-19;3;-24;-37;-18;11
PT;Portugal;;;;;;ChIJ1SZCvy0kMgsRQfBOHAlLuCo;27/11/2020;-19;10;-21;-33;-18;9
PT;Portugal;;;;;;ChIJ1SZCvy0kMgsRQfBOHAlLuCo;28/11/2020;-50;-28;-54;-57;-20;17
PT;Portugal;;;;;;ChIJ1SZCvy0kMgsRQfBOHAlLuCo;29/11/2020;-51;-33;-60;-62;-24;16
PT;Portugal;;;;;;ChIJ1SZCvy0kMgsRQfBOHAlLuCo;30/11/2020;-30;-7;-30;-55;-49;22
PT;Portugal;;;;;;ChIJ1SZCvy0kMgsRQfBOHAlLuCo;01/12/2020;-44;-24;-21;-67;-75;33
PT;Portugal;;;;;;ChIJ1SZCvy0kMgsRQfBOHAlLuCo;02/12/2020;-11;15;-11;-28;-15;8
PT;Portugal;;;;;;ChIJ1SZCvy0kMgsRQfBOHAlLuCo;03/12/2020;-12;11;-15;-33;-16;9
PT;Portugal;;;;;;ChIJ1SZCvy0kMgsRQfBOHAlLuCo;04/12/2020;-24;7;-39;-37;-17;11
PT;Portugal;;;;;;ChIJ1SZCvy0kMgsRQfBOHAlLuCo;05/12/2020;-48;-24;-54;-56;-18;17
PT;Portugal;;;;;;ChIJ1SZCvy0kMgsRQfBOHAlLuCo;06/12/2020;-50;-32;-64;-61;-22;16
PT;Portugal;;;;;;ChIJ1SZCvy0kMgsRQfBOHAlLuCo;07/12/2020;-28;-6;-37;-56;-49;22
PT;Portugal;;;;;;ChIJ1SZCvy0kMgsRQfBOHAlLuCo;08/12/2020;-45;-24;-42;-69;-75;34
PT;Portugal;;;;;;ChIJ1SZCvy0kMgsRQfBOHAlLuCo;09/12/2020;-12;12;-21;-30;-15;8
PT;Portugal;;;;;;ChIJ1SZCvy0kMgsRQfBOHAlLuCo;10/12/2020;-17;4;-32;-36;-16;10
PT;Portugal;;;;;;ChIJ1SZCvy0kMgsRQfBOHAlLuCo;11/12/2020;-22;6;-34;-35;-17;11
PT;Portugal;;;;;;ChIJ1SZCvy0kMgsRQfBOHAlLuCo;12/12/2020;-39;-18;-40;-46;-12;13
PT;Portugal;;;;;;ChIJ1SZCvy0kMgsRQfBOHAlLuCo;13/12/2020;-42;-25;-55;-51;-16;12
PT;Portugal;;;;;;ChIJ1SZCvy0kMgsRQfBOHAlLuCo;14/12/2020;-15;6;-28;-35;-16;10
PT;Portugal;;;;;;ChIJ1SZCvy0kMgsRQfBOHAlLuCo;15/12/2020;-13;7;-22;-32;-16;9
PT;Portugal;;;;;;ChIJ1SZCvy0kMgsRQfBOHAlLuCo;16/12/2020;-13;8;-23;-32;-15;9
PT;Portugal;;;;;;ChIJ1SZCvy0kMgsRQfBOHAlLuCo;17/12/2020;-8;12;-7;-29;-16;8
PT;Portugal;;;;;;ChIJ1SZCvy0kMgsRQfBOHAlLuCo;18/12/2020;-15;11;-21;-28;-16;9
PT;Portugal;;;;;;ChIJ1SZCvy0kMgsRQfBOHAlLuCo;19/12/2020;-36;-15;-39;-39;-13;12
PT;Portugal;;;;;;ChIJ1SZCvy0kMgsRQfBOHAlLuCo;20/12/2020;-34;-17;-36;-42;-13;11
PT;Portugal;;;;;;ChIJ1SZCvy0kMgsRQfBOHAlLuCo;21/12/2020;-1;24;-12;-32;-30;11
PT;Portugal;;;;;;ChIJ1SZCvy0kMgsRQfBOHAlLuCo;22/12/2020;2;27;0;-29;-32;10
PT;Portugal;;;;;;ChIJ1SZCvy0kMgsRQfBOHAlLuCo;23/12/2020;3;41;-7;-30;-35;10
PT;Portugal;;;;;;ChIJ1SZCvy0kMgsRQfBOHAlLuCo;24/12/2020;-16;19;-9;-49;-64;16
PT;Portugal;;;;;;ChIJ1SZCvy0kMgsRQfBOHAlLuCo;25/12/2020;-77;-84;-26;-76;-86;30
PT;Portugal;;;;;;ChIJ1SZCvy0kMgsRQfBOHAlLuCo;26/12/2020;-44;-31;-17;-47;-32;14
PT;Portugal;;;;;;ChIJ1SZCvy0kMgsRQfBOHAlLuCo;27/12/2020;-45;-32;-43;-49;-19;12
PT;Portugal;;;;;;ChIJ1SZCvy0kMgsRQfBOHAlLuCo;28/12/2020;-8;11;-15;-40;-42;16
PT;Portugal;;;;;;ChIJ1SZCvy0kMgsRQfBOHAlLuCo;29/12/2020;-7;13;-14;-39;-42;16
PT;Portugal;;;;;;ChIJ1SZCvy0kMgsRQfBOHAlLuCo;30/12/2020;-1;35;4;-35;-41;13
PT;Portugal;;;;;;ChIJ1SZCvy0kMgsRQfBOHAlLuCo;31/12/2020;-19;29;-19;-51;-57;19
PT;Portugal;;;;;;ChIJ1SZCvy0kMgsRQfBOHAlLuCo;01/01/2021;-83;-87;-51;-81;-87;40
PT;Portugal;;;;;;ChIJ1SZCvy0kMgsRQfBOHAlLuCo;02/01/2021;-58;-36;-42;-54;-36;20
PT;Portugal;;;;;;ChIJ1SZCvy0kMgsRQfBOHAlLuCo;03/01/2021;-54;-36;-48;-48;-22;15
PT;Portugal;;;;;;ChIJ1SZCvy0kMgsRQfBOHAlLuCo;04/01/2021;-15;12;-23;-34;-18;10
PT;Portugal;;;;;;ChIJ1SZCvy0kMgsRQfBOHAlLuCo;05/01/2021;-17;6;-21;-34;-17;10
PT;Portugal;;;;;;ChIJ1SZCvy0kMgsRQfBOHAlLuCo;06/01/2021;-18;4;-23;-34;-17;11
PT;Portugal;;;;;;ChIJ1SZCvy0kMgsRQfBOHAlLuCo;07/01/2021;-18;3;-21;-36;-17;11
PT;Portugal;;;;;;ChIJ1SZCvy0kMgsRQfBOHAlLuCo;08/01/2021;-23;10;-31;-37;-17;12
PT;Portugal;;;;;;ChIJ1SZCvy0kMgsRQfBOHAlLuCo;09/01/2021;-57;-34;-58;-56;-23;19
PT;Portugal;;;;;;ChIJ1SZCvy0kMgsRQfBOHAlLuCo;10/01/2021;-56;-37;-57;-56;-23;16
PT;Portugal;;;;;;ChIJ1SZCvy0kMgsRQfBOHAlLuCo;11/01/2021;-16;12;-22;-38;-17;10
PT;Portugal;;;;;;ChIJ1SZCvy0kMgsRQfBOHAlLuCo;12/01/2021;-17;6;-23;-38;-18;10
PT;Portugal;;;;;;ChIJ1SZCvy0kMgsRQfBOHAlLuCo;13/01/2021;-15;6;-16;-36;-19;8
PT;Portugal;;;;;;ChIJ1SZCvy0kMgsRQfBOHAlLuCo;14/01/2021;-20;2;-23;-42;-23;10
PT;Portugal;;;;;;ChIJ1SZCvy0kMgsRQfBOHAlLuCo;15/01/2021;-60;-15;-44;-54;-32;18
PT;Portugal;;;;;;ChIJ1SZCvy0kMgsRQfBOHAlLuCo;16/01/2021;-70;-33;-56;-64;-36;19
PT;Portugal;;;;;;ChIJ1SZCvy0kMgsRQfBOHAlLuCo;17/01/2021;-71;-41;-57;-64;-35;17
PT;Portugal;;;;;;ChIJ1SZCvy0kMgsRQfBOHAlLuCo;18/01/2021;-56;-16;-35;-54;-33;17
PT;Portugal;;;;;;ChIJ1SZCvy0kMgsRQfBOHAlLuCo;19/01/2021;-59;-17;-48;-56;-34;18
PT;Portugal;;;;;;ChIJ1SZCvy0kMgsRQfBOHAlLuCo;20/01/2021;-62;-22;-52;-57;-35;19
PT;Portugal;;;;;;ChIJ1SZCvy0kMgsRQfBOHAlLuCo;21/01/2021;-61;-17;-53;-58;-36;20
PT;Portugal;;;;;;ChIJ1SZCvy0kMgsRQfBOHAlLuCo;22/01/2021;-66;-17;-57;-62;-48;26
PT;Portugal;;;;;;ChIJ1SZCvy0kMgsRQfBOHAlLuCo;23/01/2021;-78;-43;-77;-72;-43;24
PT;Portugal;;;;;;ChIJ1SZCvy0kMgsRQfBOHAlLuCo;24/01/2021;-74;-37;-68;-68;-39;17
PT;Portugal;;;;;;ChIJ1SZCvy0kMgsRQfBOHAlLuCo;25/01/2021;-64;-25;-58;-66;-49;25
PT;Portugal;;;;;;ChIJ1SZCvy0kMgsRQfBOHAlLuCo;26/01/2021;-64;-23;-57;-65;-50;25
PT;Portugal;;;;;;ChIJ1SZCvy0kMgsRQfBOHAlLuCo;27/01/2021;-63;-22;-48;-63;-49;24
PT;Portugal;;;;;;ChIJ1SZCvy0kMgsRQfBOHAlLuCo;28/01/2021;-61;-17;-48;-63;-49;24
PT;Portugal;;;;;;ChIJ1SZCvy0kMgsRQfBOHAlLuCo;29/01/2021;-64;-14;-56;-63;-48;26
PT;Portugal;;;;;;ChIJ1SZCvy0kMgsRQfBOHAlLuCo;30/01/2021;-73;-34;-66;-68;-40;21
PT;Portugal;;;;;;ChIJ1SZCvy0kMgsRQfBOHAlLuCo;31/01/2021;-78;-45;-78;-74;-41;20
PT;Portugal;;;;;;ChIJ1SZCvy0kMgsRQfBOHAlLuCo;01/02/2021;-60;-15;-53;-64;-47;23
PT;Portugal;;;;;;ChIJ1SZCvy0kMgsRQfBOHAlLuCo;02/02/2021;-60;-16;-53;-64;-48;24
PT;Portugal;;;;;;ChIJ1SZCvy0kMgsRQfBOHAlLuCo;03/02/2021;-61;-18;-47;-63;-48;23
PT;Portugal;;;;;;ChIJ1SZCvy0kMgsRQfBOHAlLuCo;04/02/2021;-61;-17;-49;-63;-48;23
PT;Portugal;;;;;;ChIJ1SZCvy0kMgsRQfBOHAlLuCo;05/02/2021;-63;-15;-56;-63;-48;25
PT;Portugal;;;;;;ChIJ1SZCvy0kMgsRQfBOHAlLuCo;06/02/2021;-73;-34;-68;-69;-39;20
PT;Portugal;;;;;;ChIJ1SZCvy0kMgsRQfBOHAlLuCo;07/02/2021;-77;-42;-74;-73;-39;18
PT;Portugal;;;;;;ChIJ1SZCvy0kMgsRQfBOHAlLuCo;08/02/2021;-59;-16;-51;-63;-47;22
PT;Portugal;;;;;;ChIJ1SZCvy0kMgsRQfBOHAlLuCo;09/02/2021;-61;-17;-57;-64;-48;24
PT;Portugal;;;;;;ChIJ1SZCvy0kMgsRQfBOHAlLuCo;10/02/2021;-60;-15;-49;-62;-46;22
PT;Portugal;;;;;;ChIJ1SZCvy0kMgsRQfBOHAlLuCo;11/02/2021;-60;-15;-52;-64;-47;23
PT;Portugal;;;;;;ChIJ1SZCvy0kMgsRQfBOHAlLuCo;12/02/2021;-60;-7;-42;-60;-45;23
PT;Portugal;;;;;;ChIJ1SZCvy0kMgsRQfBOHAlLuCo;13/02/2021;-69;-26;-51;-65;-35;18
PT;Portugal;;;;;;ChIJ1SZCvy0kMgsRQfBOHAlLuCo;14/02/2021;-68;-30;-48;-66;-32;15
PT;Portugal;;;;;;ChIJ1SZCvy0kMgsRQfBOHAlLuCo;15/02/2021;-56;-8;-33;-61;-48;21
PT;Portugal;;;;;;ChIJ1SZCvy0kMgsRQfBOHAlLuCo;16/02/2021;-62;-15;-45;-66;-63;28
PT;Portugal;;;;;;ChIJ1SZCvy0kMgsRQfBOHAlLuCo;17/02/2021;-58;-11;-43;-60;-45;21
PT;Portugal;;;;;;ChIJ1SZCvy0kMgsRQfBOHAlLuCo;18/02/2021;-58;-11;-44;-61;-45;22
PT;Portugal;;;;;;ChIJ1SZCvy0kMgsRQfBOHAlLuCo;19/02/2021;-60;-5;-50;-60;-44;23
PT;Portugal;;;;;;ChIJ1SZCvy0kMgsRQfBOHAlLuCo;20/02/2021;-74;-35;-76;-72;-36;21
PT;Portugal;;;;;;ChIJ1SZCvy0kMgsRQfBOHAlLuCo;21/02/2021;-72;-34;-61;-68;-32;16
PT;Portugal;;;;;;ChIJ1SZCvy0kMgsRQfBOHAlLuCo;22/02/2021;-55;-9;-35;-60;-43;20
PT;Portugal;;;;;;ChIJ1SZCvy0kMgsRQfBOHAlLuCo;23/02/2021;-56;-8;-39;-59;-44;20
PT;Portugal;;;;;;ChIJ1SZCvy0kMgsRQfBOHAlLuCo;24/02/2021;-56;-9;-29;-58;-43;20
PT;Portugal;;;;;;ChIJ1SZCvy0kMgsRQfBOHAlLuCo;25/02/2021;-56;-7;-41;-60;-44;21
PT;Portugal;;;;;;ChIJ1SZCvy0kMgsRQfBOHAlLuCo;26/02/2021;-56;1;-42;-58;-42;22
PT;Portugal;;;;;;ChIJ1SZCvy0kMgsRQfBOHAlLuCo;27/02/2021;-65;-19;-41;-60;-29;15
PT;Portugal;;;;;;ChIJ1SZCvy0kMgsRQfBOHAlLuCo;28/02/2021;-67;-25;-40;-61;-27;13
PT;Portugal;;;;;;ChIJ1SZCvy0kMgsRQfBOHAlLuCo;01/03/2021;-53;-3;-36;-58;-42;19
PT;Portugal;;;;;;ChIJ1SZCvy0kMgsRQfBOHAlLuCo;02/03/2021;-54;-3;-34;-57;-42;20
PT;Portugal;;;;;;ChIJ1SZCvy0kMgsRQfBOHAlLuCo;03/03/2021;-53;-4;-25;-56;-42;19
PT;Portugal;;;;;;ChIJ1SZCvy0kMgsRQfBOHAlLuCo;04/03/2021;-55;-5;-40;-59;-43;20
PT;Portugal;;;;;;ChIJ1SZCvy0kMgsRQfBOHAlLuCo;05/03/2021;-55;1;-37;-56;-42;21
PT;Portugal;;;;;;ChIJ1SZCvy0kMgsRQfBOHAlLuCo;06/03/2021;-63;-18;-34;-59;-29;15
PT;Portugal;;;;;;ChIJ1SZCvy0kMgsRQfBOHAlLuCo;07/03/2021;-67;-25;-44;-63;-27;13
PT;Portugal;;;;;;ChIJ1SZCvy0kMgsRQfBOHAlLuCo;08/03/2021;-49;4;-32;-57;-41;19
PT;Portugal;;;;;;ChIJ1SZCvy0kMgsRQfBOHAlLuCo;09/03/2021;-51;-1;-27;-56;-42;19
PT;Portugal;;;;;;ChIJ1SZCvy0kMgsRQfBOHAlLuCo;10/03/2021;-52;-2;-23;-55;-41;19
PT;Portugal;;;;;;ChIJ1SZCvy0kMgsRQfBOHAlLuCo;11/03/2021;-52;0;-33;-57;-42;20
PT;Portugal;;;;;;ChIJ1SZCvy0kMgsRQfBOHAlLuCo;12/03/2021;-54;2;-32;-55;-40;20
PT;Portugal;;;;;;ChIJ1SZCvy0kMgsRQfBOHAlLuCo;13/03/2021;-63;-17;-39;-59;-27;15
PT;Portugal;;;;;;ChIJ1SZCvy0kMgsRQfBOHAlLuCo;14/03/2021;-66;-23;-38;-60;-23;13
PT;Portugal;;;;;;ChIJ1SZCvy0kMgsRQfBOHAlLuCo;15/03/2021;-42;4;-15;-51;-34;15
PT;Portugal;;;;;;ChIJ1SZCvy0kMgsRQfBOHAlLuCo;16/03/2021;-42;5;-13;-50;-35;15
PT;Portugal;;;;;;ChIJ1SZCvy0kMgsRQfBOHAlLuCo;17/03/2021;-42;4;-5;-48;-33;15
PT;Portugal;;;;;;ChIJ1SZCvy0kMgsRQfBOHAlLuCo;18/03/2021;-41;9;-9;-49;-34;16
PT;Portugal;;;;;;ChIJ1SZCvy0kMgsRQfBOHAlLuCo;19/03/2021;-43;13;-16;-48;-33;16
PT;Portugal;;;;;;ChIJ1SZCvy0kMgsRQfBOHAlLuCo;20/03/2021;-58;-10;-29;-55;-21;14
PT;Portugal;;;;;;ChIJ1SZCvy0kMgsRQfBOHAlLuCo;21/03/2021;-61;-19;-27;-57;-19;12
PT;Portugal;;;;;;ChIJ1SZCvy0kMgsRQfBOHAlLuCo;22/03/2021;-42;6;-11;-50;-34;15
PT;Portugal;;;;;;ChIJ1SZCvy0kMgsRQfBOHAlLuCo;23/03/2021;-42;5;-13;-49;-34;15
PT;Portugal;;;;;;ChIJ1SZCvy0kMgsRQfBOHAlLuCo;24/03/2021;-42;5;-8;-48;-33;15
PT;Portugal;;;;;;ChIJ1SZCvy0kMgsRQfBOHAlLuCo;25/03/2021;-40;9;-8;-48;-34;15
PT;Portugal;;;;;;ChIJ1SZCvy0kMgsRQfBOHAlLuCo;26/03/2021;-47;10;-23;-50;-34;17
PT;Portugal;;;;;;ChIJ1SZCvy0kMgsRQfBOHAlLuCo;27/03/2021;-58;-8;-33;-55;-20;14
PT;Portugal;;;;;;ChIJ1SZCvy0kMgsRQfBOHAlLuCo;28/03/2021;-63;-23;-34;-58;-19;13
PT;Portugal;;;;;;ChIJ1SZCvy0kMgsRQfBOHAlLuCo;29/03/2021;-43;4;-17;-52;-35;16
PT;Portugal;;;;;;ChIJ1SZCvy0kMgsRQfBOHAlLuCo;30/03/2021;-42;8;-20;-50;-35;16
PT;Portugal;;;;;;ChIJ1SZCvy0kMgsRQfBOHAlLuCo;31/03/2021;-39;14;-5;-46;-35;14
PT;Portugal;;;;;;ChIJ1SZCvy0kMgsRQfBOHAlLuCo;01/04/2021;-35;28;-18;-47;-37;15
PT;Portugal;;;;;;ChIJ1SZCvy0kMgsRQfBOHAlLuCo;02/04/2021;-61;-1;-22;-67;-72;34
PT;Portugal;;;;;;ChIJ1SZCvy0kMgsRQfBOHAlLuCo;03/04/2021;-55;3;-31;-55;-26;15
PT;Portugal;;;;;;ChIJ1SZCvy0kMgsRQfBOHAlLuCo;04/04/2021;-68;-49;-36;-59;-18;12
PT;Portugal;;;;;;ChIJ1SZCvy0kMgsRQfBOHAlLuCo;05/04/2021;-27;15;10;-43;-36;13
PT;Portugal;;;;;;ChIJ1SZCvy0kMgsRQfBOHAlLuCo;06/04/2021;-26;13;4;-40;-27;10
PT;Portugal;;;;;;ChIJ1SZCvy0kMgsRQfBOHAlLuCo;07/04/2021;-27;11;9;-39;-27;10
PT;Portugal;;;;;;ChIJ1SZCvy0kMgsRQfBOHAlLuCo;08/04/2021;-26;17;6;-40;-26;10
PT;Portugal;;;;;;ChIJ1SZCvy0kMgsRQfBOHAlLuCo;09/04/2021;-33;14;-8;-41;-26;11
PT;Portugal;;;;;;ChIJ1SZCvy0kMgsRQfBOHAlLuCo;10/04/2021;-50;-1;-33;-48;-17;11
PT;Portugal;;;;;;ChIJ1SZCvy0kMgsRQfBOHAlLuCo;11/04/2021;-50;-11;-7;-46;-15;7
PT;Portugal;;;;;;ChIJ1SZCvy0kMgsRQfBOHAlLuCo;12/04/2021;-30;10;-8;-43;-25;11
PT;Portugal;;;;;;ChIJ1SZCvy0kMgsRQfBOHAlLuCo;13/04/2021;-33;9;-22;-44;-25;12
PT;Portugal;;;;;;ChIJ1SZCvy0kMgsRQfBOHAlLuCo;14/04/2021;-31;8;-12;-41;-25;11
PT;Portugal;;;;;;ChIJ1SZCvy0kMgsRQfBOHAlLuCo;15/04/2021;-27;12;-2;-41;-25;11
PT;Portugal;;;;;;ChIJ1SZCvy0kMgsRQfBOHAlLuCo;16/04/2021;-30;13;5;-38;-24;10
PT;Portugal;;;;;;ChIJ1SZCvy0kMgsRQfBOHAlLuCo;17/04/2021;-44;2;11;-39;-12;8
PT;Portugal;;;;;;ChIJ1SZCvy0kMgsRQfBOHAlLuCo;18/04/2021;-46;-7;9;-41;-10;6
PT;Portugal;;;;;;ChIJ1SZCvy0kMgsRQfBOHAlLuCo;19/04/2021;-16;15;-1;-33;-21;7
PT;Portugal;;;;;;ChIJ1SZCvy0kMgsRQfBOHAlLuCo;20/04/2021;-17;15;-10;-32;-21;8
PT;Portugal;;;;;;ChIJ1SZCvy0kMgsRQfBOHAlLuCo;21/04/2021;-21;10;-24;-34;-21;8
PT;Portugal;;;;;;ChIJ1SZCvy0kMgsRQfBOHAlLuCo;22/04/2021;-15;15;2;-32;-20;7
PT;Portugal;;;;;;ChIJ1SZCvy0kMgsRQfBOHAlLuCo;23/04/2021;-23;13;-24;-34;-21;9
PT;Portugal;;;;;;ChIJ1SZCvy0kMgsRQfBOHAlLuCo;24/04/2021;-43;3;-24;-41;-12;10
PT;Portugal;;;;;;ChIJ1SZCvy0kMgsRQfBOHAlLuCo;25/04/2021;-47;-10;-28;-43;-12;9
PT;Portugal;;;;;;ChIJ1SZCvy0kMgsRQfBOHAlLuCo;26/04/2021;-18;12;-11;-35;-19;8
PT;Portugal;;;;;;ChIJ1SZCvy0kMgsRQfBOHAlLuCo;27/04/2021;-16;14;-4;-32;-19;7
PT;Portugal;;;;;;ChIJ1SZCvy0kMgsRQfBOHAlLuCo;28/04/2021;-15;14;-11;-33;-19;7
PT;Portugal;;;;;;ChIJ1SZCvy0kMgsRQfBOHAlLuCo;29/04/2021;-11;19;2;-31;-19;7
PT;Portugal;;;;;;ChIJ1SZCvy0kMgsRQfBOHAlLuCo;30/04/2021;-14;24;0;-28;-18;6
PT;Portugal;;;;;;ChIJ1SZCvy0kMgsRQfBOHAlLuCo;01/05/2021;-23;8;6;-31;-20;6
PT;Portugal;;;;;;ChIJ1SZCvy0kMgsRQfBOHAlLuCo;02/05/2021;-16;6;6;-28;0;1
PT;Portugal;;;;;;ChIJ1SZCvy0kMgsRQfBOHAlLuCo;03/05/2021;-11;22;6;-30;-18;6
PT;Portugal;;;;;;ChIJ1SZCvy0kMgsRQfBOHAlLuCo;04/05/2021;-10;21;5;-29;-17;6
PT;Portugal;;;;;;ChIJ1SZCvy0kMgsRQfBOHAlLuCo;05/05/2021;-10;19;11;-27;-16;5
PT;Portugal;;;;;;ChIJ1SZCvy0kMgsRQfBOHAlLuCo;06/05/2021;-9;19;12;-28;-17;6
PT;Portugal;;;;;;ChIJ1SZCvy0kMgsRQfBOHAlLuCo;07/05/2021;-13;19;13;-26;-15;5
PT;Portugal;;;;;;ChIJ1SZCvy0kMgsRQfBOHAlLuCo;08/05/2021;-16;6;27;-23;-6;2
PT;Portugal;;;;;;ChIJ1SZCvy0kMgsRQfBOHAlLuCo;09/05/2021;-26;-1;-30;-37;-8;6
PT;Portugal;;;;;;ChIJ1SZCvy0kMgsRQfBOHAlLuCo;10/05/2021;-14;21;-16;-32;-16;7
PT;Portugal;;;;;;ChIJ1SZCvy0kMgsRQfBOHAlLuCo;11/05/2021;-8;22;5;-24;-15;6
PT;Portugal;;;;;;ChIJ1SZCvy0kMgsRQfBOHAlLuCo;12/05/2021;-8;22;6;-24;-16;6
PT;Portugal;;;;;;ChIJ1SZCvy0kMgsRQfBOHAlLuCo;13/05/2021;-8;21;-2;-27;-19;7
PT;Portugal;;;;;;ChIJ1SZCvy0kMgsRQfBOHAlLuCo;14/05/2021;-10;25;12;-24;-15;5
PT;Portugal;;;;;;ChIJ1SZCvy0kMgsRQfBOHAlLuCo;15/05/2021;-17;7;1;-26;-7;4
PT;Portugal;;;;;;ChIJ1SZCvy0kMgsRQfBOHAlLuCo;16/05/2021;-19;1;-3;-30;-3;4
PT;Portugal;;;;;;ChIJ1SZCvy0kMgsRQfBOHAlLuCo;17/05/2021;-7;25;18;-27;-13;6
PT;Portugal;;;;;;ChIJ1SZCvy0kMgsRQfBOHAlLuCo;18/05/2021;-9;22;2;-27;-13;6
PT;Portugal;;;;;;ChIJ1SZCvy0kMgsRQfBOHAlLuCo;19/05/2021;-6;23;22;-25;-12;5
PT;Portugal;;;;;;ChIJ1SZCvy0kMgsRQfBOHAlLuCo;20/05/2021;-3;26;32;-28;-16;6
PT;Portugal;;;;;;ChIJ1SZCvy0kMgsRQfBOHAlLuCo;21/05/2021;-9;26;16;-24;-12;5
PT;Portugal;;;;;;ChIJ1SZCvy0kMgsRQfBOHAlLuCo;22/05/2021;-15;9;16;-25;-4;3
PT;Portugal;;;;;;ChIJ1SZCvy0kMgsRQfBOHAlLuCo;23/05/2021;-16;2;15;-28;-2;2
PT;Portugal;;;;;;ChIJ1SZCvy0kMgsRQfBOHAlLuCo;24/05/2021;-9;24;7;-29;-14;7
PT;Portugal;;;;;;ChIJ1SZCvy0kMgsRQfBOHAlLuCo;25/05/2021;-6;25;17;-26;-12;6
PT;Portugal;;;;;;ChIJ1SZCvy0kMgsRQfBOHAlLuCo;26/05/2021;-4;24;27;-24;-11;5
PT;Portugal;;;;;;ChIJ1SZCvy0kMgsRQfBOHAlLuCo;27/05/2021;-1;26;29;-25;-11;5
PT;Portugal;;;;;;ChIJ1SZCvy0kMgsRQfBOHAlLuCo;28/05/2021;-4;29;28;-20;-10;4
PT;Portugal;;;;;;ChIJ1SZCvy0kMgsRQfBOHAlLuCo;29/05/2021;-10;13;35;-17;-1;2
PT;Portugal;;;;;;ChIJ1SZCvy0kMgsRQfBOHAlLuCo;30/05/2021;-12;6;34;-21;0;1
PT;Portugal;;;;;;ChIJ1SZCvy0kMgsRQfBOHAlLuCo;31/05/2021;-1;34;17;-24;-11;5
PT;Portugal;;;;;;ChIJ1SZCvy0kMgsRQfBOHAlLuCo;01/06/2021;5;36;18;-20;-12;5
PT;Portugal;;;;;;ChIJ1SZCvy0kMgsRQfBOHAlLuCo;02/06/2021;6;35;29;-17;-11;3
PT;Portugal;;;;;;ChIJ1SZCvy0kMgsRQfBOHAlLuCo;03/06/2021;-1;20;84;-41;-72;19
PT;Portugal;;;;;;ChIJ1SZCvy0kMgsRQfBOHAlLuCo;04/06/2021;-3;36;42;-22;-21;7
PT;Portugal;;;;;;ChIJ1SZCvy0kMgsRQfBOHAlLuCo;05/06/2021;-10;11;51;-17;-4;2
PT;Portugal;;;;;;ChIJ1SZCvy0kMgsRQfBOHAlLuCo;06/06/2021;-13;5;39;-20;0;0
PT;Portugal;;;;;;ChIJ1SZCvy0kMgsRQfBOHAlLuCo;07/06/2021;-1;32;34;-25;-13;5
PT;Portugal;;;;;;ChIJ1SZCvy0kMgsRQfBOHAlLuCo;08/06/2021;3;35;35;-23;-12;5
PT;Portugal;;;;;;ChIJ1SZCvy0kMgsRQfBOHAlLuCo;09/06/2021;9;38;55;-16;-12;2
PT;Portugal;;;;;;ChIJ1SZCvy0kMgsRQfBOHAlLuCo;10/06/2021;-4;17;118;-41;-71;17
PT;Portugal;;;;;;ChIJ1SZCvy0kMgsRQfBOHAlLuCo;11/06/2021;-4;36;52;-25;-24;7
PT;Portugal;;;;;;ChIJ1SZCvy0kMgsRQfBOHAlLuCo;12/06/2021;-13;12;46;-20;-6;2
PT;Portugal;;;;;;ChIJ1SZCvy0kMgsRQfBOHAlLuCo;13/06/2021;-16;4;30;-21;0;-1
PT;Portugal;;;;;;ChIJ1SZCvy0kMgsRQfBOHAlLuCo;14/06/2021;-3;28;31;-23;-11;5
PT;Portugal;;;;;;ChIJ1SZCvy0kMgsRQfBOHAlLuCo;15/06/2021;-5;22;18;-24;-11;6
PT;Portugal;;;;;;ChIJ1SZCvy0kMgsRQfBOHAlLuCo;16/06/2021;-1;29;27;-21;-11;5
PT;Portugal;;;;;;ChIJ1SZCvy0kMgsRQfBOHAlLuCo;17/06/2021;-4;25;9;-25;-13;6
PT;Portugal;;;;;;ChIJ1SZCvy0kMgsRQfBOHAlLuCo;18/06/2021;-9;24;8;-25;-13;6
PT;Portugal;;;;;;ChIJ1SZCvy0kMgsRQfBOHAlLuCo;19/06/2021;-18;10;-1;-27;-2;4
PT;Portugal;;;;;;ChIJ1SZCvy0kMgsRQfBOHAlLuCo;20/06/2021;-20;3;-15;-30;-3;6
PT;Portugal;;;;;;ChIJ1SZCvy0kMgsRQfBOHAlLuCo;21/06/2021;-5;25;19;-26;-16;7
PT;Portugal;;;;;;ChIJ1SZCvy0kMgsRQfBOHAlLuCo;22/06/2021;-2;28;25;-24;-16;6
PT;Portugal;;;;;;ChIJ1SZCvy0kMgsRQfBOHAlLuCo;23/06/2021;-1;30;42;-22;-16;4
PT;Portugal;;;;;;ChIJ1SZCvy0kMgsRQfBOHAlLuCo;24/06/2021;-1;24;67;-28;-32;9
PT;Portugal;;;;;;ChIJ1SZCvy0kMgsRQfBOHAlLuCo;25/06/2021;-4;28;52;-25;-21;6
PT;Portugal;;;;;;ChIJ1SZCvy0kMgsRQfBOHAlLuCo;26/06/2021;-13;15;39;-23;-3;2
PT;Portugal;;;;;;ChIJ1SZCvy0kMgsRQfBOHAlLuCo;27/06/2021;-18;9;13;-27;0;3
PT;Portugal;;;;;;ChIJ1SZCvy0kMgsRQfBOHAlLuCo;28/06/2021;-2;26;29;-26;-20;6
PT;Portugal;;;;;;ChIJ1SZCvy0kMgsRQfBOHAlLuCo;29/06/2021;-1;25;28;-26;-23;6
PT;Portugal;;;;;;ChIJ1SZCvy0kMgsRQfBOHAlLuCo;30/06/2021;3;32;38;-20;-19;4
PT;Portugal;;;;;;ChIJ1SZCvy0kMgsRQfBOHAlLuCo;01/07/2021;5;35;47;-20;-20;6
PT;Portugal;;;;;;ChIJ1SZCvy0kMgsRQfBOHAlLuCo;02/07/2021;-4;31;33;-24;-19;7
PT;Portugal;;;;;;ChIJ1SZCvy0kMgsRQfBOHAlLuCo;03/07/2021;-13;21;27;-22;-3;4
PT;Portugal;;;;;;ChIJ1SZCvy0kMgsRQfBOHAlLuCo;04/07/2021;-14;12;26;-24;-1;3
PT;Portugal;;;;;;ChIJ1SZCvy0kMgsRQfBOHAlLuCo;05/07/2021;1;34;30;-23;-20;7
PT;Portugal;;;;;;ChIJ1SZCvy0kMgsRQfBOHAlLuCo;06/07/2021;3;34;34;-22;-20;7
PT;Portugal;;;;;;ChIJ1SZCvy0kMgsRQfBOHAlLuCo;07/07/2021;4;34;49;-20;-20;7
PT;Portugal;;;;;;ChIJ1SZCvy0kMgsRQfBOHAlLuCo;08/07/2021;8;39;62;-20;-21;6
PT;Portugal;;;;;;ChIJ1SZCvy0kMgsRQfBOHAlLuCo;09/07/2021;-2;35;55;-21;-22;6
PT;Portugal;;;;;;ChIJ1SZCvy0kMgsRQfBOHAlLuCo;10/07/2021;-13;21;61;-17;-3;1
PT;Portugal;;;;;;ChIJ1SZCvy0kMgsRQfBOHAlLuCo;11/07/2021;-16;14;35;-23;0;1
PT;Portugal;;;;;;ChIJ1SZCvy0kMgsRQfBOHAlLuCo;12/07/2021;3;37;49;-23;-25;8
PT;Portugal;;;;;;ChIJ1SZCvy0kMgsRQfBOHAlLuCo;13/07/2021;5;36;57;-21;-24;7
PT;Portugal;;;;;;ChIJ1SZCvy0kMgsRQfBOHAlLuCo;14/07/2021;6;34;78;-19;-24;6
PT;Portugal;;;;;;ChIJ1SZCvy0kMgsRQfBOHAlLuCo;15/07/2021;8;36;88;-20;-24;6
PT;Portugal;;;;;;ChIJ1SZCvy0kMgsRQfBOHAlLuCo;16/07/2021;-2;35;77;-20;-24;6
PT;Portugal;;;;;;ChIJ1SZCvy0kMgsRQfBOHAlLuCo;17/07/2021;-13;21;74;-17;-4;0
PT;Portugal;;;;;;ChIJ1SZCvy0kMgsRQfBOHAlLuCo;18/07/2021;-13;15;45;-21;0;0
PT;Portugal;;;;;;ChIJ1SZCvy0kMgsRQfBOHAlLuCo;19/07/2021;6;40;62;-20;-27;7
PT;Portugal;;;;;;ChIJ1SZCvy0kMgsRQfBOHAlLuCo;20/07/2021;7;39;66;-20;-26;8
PT;Portugal;;;;;;ChIJ1SZCvy0kMgsRQfBOHAlLuCo;21/07/2021;8;37;85;-18;-26;6
PT;Portugal;;;;;;ChIJ1SZCvy0kMgsRQfBOHAlLuCo;22/07/2021;10;39;87;-20;-26;7
PT;Portugal;;;;;;ChIJ1SZCvy0kMgsRQfBOHAlLuCo;23/07/2021;0;38;71;-20;-25;7
PT;Portugal;;;;;;ChIJ1SZCvy0kMgsRQfBOHAlLuCo;24/07/2021;-10;22;68;-13;-3;1
PT;Portugal;;;;;;ChIJ1SZCvy0kMgsRQfBOHAlLuCo;25/07/2021;-13;15;33;-19;1;2
PT;Portugal;;;;;;ChIJ1SZCvy0kMgsRQfBOHAlLuCo;26/07/2021;10;41;89;-21;-28;7
PT;Portugal;;;;;;ChIJ1SZCvy0kMgsRQfBOHAlLuCo;27/07/2021;10;39;94;-19;-27;7
PT;Portugal;;;;;;ChIJ1SZCvy0kMgsRQfBOHAlLuCo;28/07/2021;13;40;108;-18;-27;6
PT;Portugal;;;;;;ChIJ1SZCvy0kMgsRQfBOHAlLuCo;29/07/2021;16;44;107;-18;-27;6
PT;Portugal;;;;;;ChIJ1SZCvy0kMgsRQfBOHAlLuCo;30/07/2021;6;45;82;-17;-26;6
PT;Portugal;;;;;;ChIJ1SZCvy0kMgsRQfBOHAlLuCo;31/07/2021;-3;31;64;-6;-2;0
PT;Portugal;;;;;;ChIJ1SZCvy0kMgsRQfBOHAlLuCo;01/08/2021;1;29;44;-6;3;0
PT;Portugal;;;;;;ChIJ1SZCvy0kMgsRQfBOHAlLuCo;02/08/2021;21;53;107;-16;-32;7
PT;Portugal;;;;;;ChIJ1SZCvy0kMgsRQfBOHAlLuCo;03/08/2021;21;51;121;-15;-32;7
PT;Portugal;;;;;;ChIJ1SZCvy0kMgsRQfBOHAlLuCo;04/08/2021;22;50;130;-14;-32;6
PT;Portugal;;;;;;ChIJ1SZCvy0kMgsRQfBOHAlLuCo;05/08/2021;24;52;143;-15;-32;6
PT;Portugal;;;;;;ChIJ1SZCvy0kMgsRQfBOHAlLuCo;06/08/2021;12;48;119;-14;-31;6
PT;Portugal;;;;;;ChIJ1SZCvy0kMgsRQfBOHAlLuCo;07/08/2021;4;35;93;-1;-3;-1
PT;Portugal;;;;;;ChIJ1SZCvy0kMgsRQfBOHAlLuCo;08/08/2021;5;27;88;-1;4;-2
PT;Portugal;;;;;;ChIJ1SZCvy0kMgsRQfBOHAlLuCo;09/08/2021;25;57;148;-14;-35;7
PT;Portugal;;;;;;ChIJ1SZCvy0kMgsRQfBOHAlLuCo;10/08/2021;25;54;153;-13;-35;6
PT;Portugal;;;;;;ChIJ1SZCvy0kMgsRQfBOHAlLuCo;11/08/2021;25;53;167;-12;-35;6
PT;Portugal;;;;;;ChIJ1SZCvy0kMgsRQfBOHAlLuCo;12/08/2021;27;54;169;-13;-35;6
PT;Portugal;;;;;;ChIJ1SZCvy0kMgsRQfBOHAlLuCo;13/08/2021;13;49;140;-14;-34;6
PT;Portugal;;;;;;ChIJ1SZCvy0kMgsRQfBOHAlLuCo;14/08/2021;3;33;108;1;-6;-2
PT;Portugal;;;;;;ChIJ1SZCvy0kMgsRQfBOHAlLuCo;15/08/2021;3;24;93;0;5;-3
PT;Portugal;;;;;;ChIJ1SZCvy0kMgsRQfBOHAlLuCo;16/08/2021;25;59;160;-14;-42;7
PT;Portugal;;;;;;ChIJ1SZCvy0kMgsRQfBOHAlLuCo;17/08/2021;24;55;167;-13;-41;7
PT;Portugal;;;;;;ChIJ1SZCvy0kMgsRQfBOHAlLuCo;18/08/2021;23;51;175;-13;-39;7
PT;Portugal;;;;;;ChIJ1SZCvy0kMgsRQfBOHAlLuCo;19/08/2021;25;52;177;-14;-40;7
PT;Portugal;;;;;;ChIJ1SZCvy0kMgsRQfBOHAlLuCo;20/08/2021;11;48;143;-15;-39;8
PT;Portugal;;;;;;ChIJ1SZCvy0kMgsRQfBOHAlLuCo;21/08/2021;1;29;112;0;-7;-1
PT;Portugal;;;;;;ChIJ1SZCvy0kMgsRQfBOHAlLuCo;22/08/2021;1;21;90;-3;7;-3
PT;Portugal;;;;;;ChIJ1SZCvy0kMgsRQfBOHAlLuCo;23/08/2021;18;50;152;-16;-39;7
PT;Portugal;;;;;;ChIJ1SZCvy0kMgsRQfBOHAlLuCo;24/08/2021;17;47;145;-17;-39;8
PT;Portugal;;;;;;ChIJ1SZCvy0kMgsRQfBOHAlLuCo;25/08/2021;20;48;145;-14;-38;7
PT;Portugal;;;;;;ChIJ1SZCvy0kMgsRQfBOHAlLuCo;26/08/2021;20;46;155;-16;-38;7
PT;Portugal;;;;;;ChIJ1SZCvy0kMgsRQfBOHAlLuCo;27/08/2021;7;42;123;-17;-37;8
PT;Portugal;;;;;;ChIJ1SZCvy0kMgsRQfBOHAlLuCo;28/08/2021;-1;26;84;-4;-4;0
PT;Portugal;;;;;;ChIJ1SZCvy0kMgsRQfBOHAlLuCo;29/08/2021;-1;19;64;-5;10;-2
PT;Portugal;;;;;;ChIJ1SZCvy0kMgsRQfBOHAlLuCo;30/08/2021;14;45;100;-17;-33;8
PT;Portugal;;;;;;ChIJ1SZCvy0kMgsRQfBOHAlLuCo;31/08/2021;15;47;96;-14;-32;7
PT;Portugal;;;;;;ChIJ1SZCvy0kMgsRQfBOHAlLuCo;01/09/2021;15;47;80;-11;-28;6
PT;Portugal;;;;;;ChIJ1SZCvy0kMgsRQfBOHAlLuCo;02/09/2021;18;46;100;-13;-27;6
PT;Portugal;;;;;;ChIJ1SZCvy0kMgsRQfBOHAlLuCo;03/09/2021;7;40;88;-13;-26;6
PT;Portugal;;;;;;ChIJ1SZCvy0kMgsRQfBOHAlLuCo;04/09/2021;1;27;87;0;-1;-1
PT;Portugal;;;;;;ChIJ1SZCvy0kMgsRQfBOHAlLuCo;05/09/2021;0;22;67;-2;10;-2
PT;Portugal;;;;;;ChIJ1SZCvy0kMgsRQfBOHAlLuCo;06/09/2021;12;43;80;-13;-25;6
PT;Portugal;;;;;;ChIJ1SZCvy0kMgsRQfBOHAlLuCo;07/09/2021;12;41;66;-14;-25;7
PT;Portugal;;;;;;ChIJ1SZCvy0kMgsRQfBOHAlLuCo;08/09/2021;13;43;73;-11;-24;6
PT;Portugal;;;;;;ChIJ1SZCvy0kMgsRQfBOHAlLuCo;09/09/2021;14;43;79;-12;-24;6
PT;Portugal;;;;;;ChIJ1SZCvy0kMgsRQfBOHAlLuCo;10/09/2021;6;38;76;-10;-23;5
PT;Portugal;;;;;;ChIJ1SZCvy0kMgsRQfBOHAlLuCo;11/09/2021;1;25;69;1;2;-1
PT;Portugal;;;;;;ChIJ1SZCvy0kMgsRQfBOHAlLuCo;12/09/2021;-1;21;49;-1;11;-1
PT;Portugal;;;;;;ChIJ1SZCvy0kMgsRQfBOHAlLuCo;13/09/2021;7;38;37;-13;-23;7
PT;Portugal;;;;;;ChIJ1SZCvy0kMgsRQfBOHAlLuCo;14/09/2021;8;37;28;-12;-23;7
PT;Portugal;;;;;;ChIJ1SZCvy0kMgsRQfBOHAlLuCo;15/09/2021;11;39;49;-9;-22;6
PT;Portugal;;;;;;ChIJ1SZCvy0kMgsRQfBOHAlLuCo;16/09/2021;14;42;64;-9;-23;4
PT;Portugal;;;;;;ChIJ1SZCvy0kMgsRQfBOHAlLuCo;17/09/2021;5;38;46;-9;-22;4
PT;Portugal;;;;;;ChIJ1SZCvy0kMgsRQfBOHAlLuCo;18/09/2021;1;26;50;-1;1;0
PT;Portugal;;;;;;ChIJ1SZCvy0kMgsRQfBOHAlLuCo;19/09/2021;-1;22;36;-2;8;0
PT;Portugal;;;;;;ChIJ1SZCvy0kMgsRQfBOHAlLuCo;20/09/2021;9;37;47;-8;-21;4
PT;Portugal;;;;;;ChIJ1SZCvy0kMgsRQfBOHAlLuCo;21/09/2021;9;38;49;-9;-20;4
PT;Portugal;;;;;;ChIJ1SZCvy0kMgsRQfBOHAlLuCo;22/09/2021;9;36;52;-8;-17;3
PT;Portugal;;;;;;ChIJ1SZCvy0kMgsRQfBOHAlLuCo;23/09/2021;9;38;41;-10;-18;4
PT;Portugal;;;;;;ChIJ1SZCvy0kMgsRQfBOHAlLuCo;24/09/2021;4;35;40;-8;-17;3
PT;Portugal;;;;;;ChIJ1SZCvy0kMgsRQfBOHAlLuCo;25/09/2021;-4;22;19;-7;3;2
PT;Portugal;;;;;;ChIJ1SZCvy0kMgsRQfBOHAlLuCo;26/09/2021;1;25;23;-2;12;0
PT;Portugal;;;;;;ChIJ1SZCvy0kMgsRQfBOHAlLuCo;27/09/2021;4;32;27;-11;-17;5
PT;Portugal;;;;;;ChIJ1SZCvy0kMgsRQfBOHAlLuCo;28/09/2021;7;36;29;-9;-17;4
PT;Portugal;;;;;;ChIJ1SZCvy0kMgsRQfBOHAlLuCo;29/09/2021;8;34;36;-8;-16;3
PT;Portugal;;;;;;ChIJ1SZCvy0kMgsRQfBOHAlLuCo;30/09/2021;11;40;41;-6;-16;3
PT;Portugal;;;;;;ChIJ1SZCvy0kMgsRQfBOHAlLuCo;01/10/2021;5;36;32;-4;-16;2
PT;Portugal;;;;;;ChIJ1SZCvy0kMgsRQfBOHAlLuCo;02/10/2021;-1;25;17;-2;-1;0
PT;Portugal;;;;;;ChIJ1SZCvy0kMgsRQfBOHAlLuCo;03/10/2021;-1;18;10;-6;2;2
PT;Portugal;;;;;;ChIJ1SZCvy0kMgsRQfBOHAlLuCo;04/10/2021;17;43;50;-10;-30;4
PT;Portugal;;;;;;ChIJ1SZCvy0kMgsRQfBOHAlLuCo;05/10/2021;0;23;52;-33;-72;19
PT;Portugal;;;;;;ChIJ1SZCvy0kMgsRQfBOHAlLuCo;06/10/2021;7;34;41;-4;-16;2
PT;Portugal;;;;;;ChIJ1SZCvy0kMgsRQfBOHAlLuCo;07/10/2021;9;35;49;-6;-16;3
PT;Portugal;;;;;;ChIJ1SZCvy0kMgsRQfBOHAlLuCo;08/10/2021;4;34;40;-6;-15;2
PT;Portugal;;;;;;ChIJ1SZCvy0kMgsRQfBOHAlLuCo;09/10/2021;1;24;38;1;1;0
PT;Portugal;;;;;;ChIJ1SZCvy0kMgsRQfBOHAlLuCo;10/10/2021;-1;19;37;1;4;1
PT;Portugal;;;;;;ChIJ1SZCvy0kMgsRQfBOHAlLuCo;11/10/2021;7;36;49;-5;-14;3
PT;Portugal;;;;;;ChIJ1SZCvy0kMgsRQfBOHAlLuCo;12/10/2021;9;37;44;-5;-13;3
PT;Portugal;;;;;;ChIJ1SZCvy0kMgsRQfBOHAlLuCo;13/10/2021;6;32;41;-5;-12;2
PT;Portugal;;;;;;ChIJ1SZCvy0kMgsRQfBOHAlLuCo;14/10/2021;8;33;39;-6;-13;3
PT;Portugal;;;;;;ChIJ1SZCvy0kMgsRQfBOHAlLuCo;15/10/2021;3;32;32;-4;-12;2
PT;Portugal;;;;;;ChIJ1SZCvy0kMgsRQfBOHAlLuCo;16/10/2021;-2;21;17;-4;1;1
PT;Portugal;;;;;;ChIJ1SZCvy0kMgsRQfBOHAlLuCo;17/10/2021;-11;14;-13;-8;2;4
PT;Portugal;;;;;;ChIJ1SZCvy0kMgsRQfBOHAlLuCo;18/10/2021;2;30;26;-8;-13;4
PT;Portugal;;;;;;ChIJ1SZCvy0kMgsRQfBOHAlLuCo;19/10/2021;5;31;29;-5;-12;3
PT;Portugal;;;;;;ChIJ1SZCvy0kMgsRQfBOHAlLuCo;20/10/2021;5;31;26;-4;-12;3
PT;Portugal;;;;;;ChIJ1SZCvy0kMgsRQfBOHAlLuCo;21/10/2021;8;34;32;-6;-12;3
PT;Portugal;;;;;;ChIJ1SZCvy0kMgsRQfBOHAlLuCo;22/10/2021;3;33;26;-4;-11;2
PT;Portugal;;;;;;ChIJ1SZCvy0kMgsRQfBOHAlLuCo;23/10/2021;0;22;26;-2;1;1
PT;Portugal;;;;;;ChIJ1SZCvy0kMgsRQfBOHAlLuCo;24/10/2021;-5;16;17;-6;3;2
PT;Portugal;;;;;;ChIJ1SZCvy0kMgsRQfBOHAlLuCo;25/10/2021;3;35;23;-9;-12;4
PT;Portugal;;;;;;ChIJ1SZCvy0kMgsRQfBOHAlLuCo;26/10/2021;6;36;25;-7;-11;4
PT;Portugal;;;;;;ChIJ1SZCvy0kMgsRQfBOHAlLuCo;27/10/2021;7;35;33;-5;-10;3
PT;Portugal;;;;;;ChIJ1SZCvy0kMgsRQfBOHAlLuCo;28/10/2021;9;41;25;-6;-11;3
PT;Portugal;;;;;;ChIJ1SZCvy0kMgsRQfBOHAlLuCo;29/10/2021;-1;36;-5;-6;-12;4
PT;Portugal;;;;;;ChIJ1SZCvy0kMgsRQfBOHAlLuCo;30/10/2021;-3;29;-13;-6;-2;2
PT;Portugal;;;;;;ChIJ1SZCvy0kMgsRQfBOHAlLuCo;31/10/2021;-4;24;-26;-13;0;3
PT;Portugal;;;;;;ChIJ1SZCvy0kMgsRQfBOHAlLuCo;01/11/2021;0;30;40;-29;-75;18
PT;Portugal;;;;;;ChIJ1SZCvy0kMgsRQfBOHAlLuCo;02/11/2021;2;36;-2;-5;-12;4
PT;Portugal;;;;;;ChIJ1SZCvy0kMgsRQfBOHAlLuCo;03/11/2021;7;37;14;-3;-11;4
PT;Portugal;;;;;;ChIJ1SZCvy0kMgsRQfBOHAlLuCo;04/11/2021;9;38;20;-8;-12;3
PT;Portugal;;;;;;ChIJ1SZCvy0kMgsRQfBOHAlLuCo;05/11/2021;2;35;12;-5;-11;3
PT;Portugal;;;;;;ChIJ1SZCvy0kMgsRQfBOHAlLuCo;06/11/2021;1;26;10;-3;0;2
PT;Portugal;;;;;;ChIJ1SZCvy0kMgsRQfBOHAlLuCo;07/11/2021;-2;20;4;-2;1;2
PT;Portugal;;;;;;ChIJ1SZCvy0kMgsRQfBOHAlLuCo;08/11/2021;4;37;14;-8;-11;4
PT;Portugal;;;;;;ChIJ1SZCvy0kMgsRQfBOHAlLuCo;09/11/2021;5;37;13;-7;-10;4
PT;Portugal;;;;;;ChIJ1SZCvy0kMgsRQfBOHAlLuCo;10/11/2021;7;37;24;-4;-10;3
PT;Portugal;;;;;;ChIJ1SZCvy0kMgsRQfBOHAlLuCo;11/11/2021;8;36;25;-5;-11;3
PT;Portugal;;;;;;ChIJ1SZCvy0kMgsRQfBOHAlLuCo;12/11/2021;1;32;15;-7;-14;5
PT;Portugal;;;;;;ChIJ1SZCvy0kMgsRQfBOHAlLuCo;13/11/2021;0;24;19;-3;0;1
PT;Portugal;;;;;;ChIJ1SZCvy0kMgsRQfBOHAlLuCo;14/11/2021;-3;17;11;-3;-1;2
PT;Portugal;;;;;;ChIJ1SZCvy0kMgsRQfBOHAlLuCo;15/11/2021;1;32;12;-10;-11;5
PT;Portugal;;;;;;ChIJ1SZCvy0kMgsRQfBOHAlLuCo;16/11/2021;4;36;10;-8;-10;4
PT;Portugal;;;;;;ChIJ1SZCvy0kMgsRQfBOHAlLuCo;17/11/2021;4;33;16;-7;-10;4
PT;Portugal;;;;;;ChIJ1SZCvy0kMgsRQfBOHAlLuCo;18/11/2021;6;34;18;-8;-11;4
PT;Portugal;;;;;;ChIJ1SZCvy0kMgsRQfBOHAlLuCo;19/11/2021;2;35;10;-6;-11;4
PT;Portugal;;;;;;ChIJ1SZCvy0kMgsRQfBOHAlLuCo;20/11/2021;-3;24;0;-6;0;2
PT;Portugal;;;;;;ChIJ1SZCvy0kMgsRQfBOHAlLuCo;21/11/2021;-7;18;-8;-7;-1;3
PT;Portugal;;;;;;ChIJ1SZCvy0kMgsRQfBOHAlLuCo;22/11/2021;0;32;0;-13;-11;6
PT;Portugal;;;;;;ChIJ1SZCvy0kMgsRQfBOHAlLuCo;23/11/2021;2;34;2;-10;-10;5
PT;Portugal;;;;;;ChIJ1SZCvy0kMgsRQfBOHAlLuCo;24/11/2021;4;33;5;-9;-10;4
PT;Portugal;;;;;;ChIJ1SZCvy0kMgsRQfBOHAlLuCo;25/11/2021;5;35;-1;-11;-11;5
PT;Portugal;;;;;;ChIJ1SZCvy0kMgsRQfBOHAlLuCo;26/11/2021;4;39;2;-7;-11;4
PT;Portugal;;;;;;ChIJ1SZCvy0kMgsRQfBOHAlLuCo;27/11/2021;-2;27;-9;-7;0;3
PT;Portugal;;;;;;ChIJ1SZCvy0kMgsRQfBOHAlLuCo;28/11/2021;-8;18;-25;-12;-2;4
PT;Portugal;;;;;;ChIJ1SZCvy0kMgsRQfBOHAlLuCo;29/11/2021;3;39;-2;-12;-12;6
PT;Portugal;;;;;;ChIJ1SZCvy0kMgsRQfBOHAlLuCo;30/11/2021;15;49;13;-7;-11;2
PT;Portugal;;;;;;ChIJ1SZCvy0kMgsRQfBOHAlLuCo;01/12/2021;-1;33;4;-36;-70;22
PT;Portugal;;;;;;ChIJ1SZCvy0kMgsRQfBOHAlLuCo;02/12/2021;7;48;6;-10;-12;5
PT;Portugal;;;;;;ChIJ1SZCvy0kMgsRQfBOHAlLuCo;03/12/2021;1;42;3;-10;-12;5
PT;Portugal;;;;;;ChIJ1SZCvy0kMgsRQfBOHAlLuCo;04/12/2021;-2;30;2;-5;0;4
PT;Portugal;;;;;;ChIJ1SZCvy0kMgsRQfBOHAlLuCo;05/12/2021;-5;23;-5;-7;-1;4
PT;Portugal;;;;;;ChIJ1SZCvy0kMgsRQfBOHAlLuCo;06/12/2021;7;44;14;-11;-12;6
PT;Portugal;;;;;;ChIJ1SZCvy0kMgsRQfBOHAlLuCo;07/12/2021;12;46;1;-11;-11;4
PT;Portugal;;;;;;ChIJ1SZCvy0kMgsRQfBOHAlLuCo;08/12/2021;3;34;12;-36;-71;22
PT;Portugal;;;;;;ChIJ1SZCvy0kMgsRQfBOHAlLuCo;09/12/2021;8;47;-1;-13;-10;5
PT;Portugal;;;;;;ChIJ1SZCvy0kMgsRQfBOHAlLuCo;10/12/2021;1;42;-5;-13;-10;6
PT;Portugal;;;;;;ChIJ1SZCvy0kMgsRQfBOHAlLuCo;11/12/2021;2;30;15;-1;5;2
PT;Portugal;;;;;;ChIJ1SZCvy0kMgsRQfBOHAlLuCo;12/12/2021;-1;24;8;-6;5;3
PT;Portugal;;;;;;ChIJ1SZCvy0kMgsRQfBOHAlLuCo;13/12/2021;5;43;1;-14;-8;5
PT;Portugal;;;;;;ChIJ1SZCvy0kMgsRQfBOHAlLuCo;14/12/2021;8;45;3;-11;-8;5
PT;Portugal;;;;;;ChIJ1SZCvy0kMgsRQfBOHAlLuCo;15/12/2021;11;45;11;-8;-7;4
PT;Portugal;;;;;;ChIJ1SZCvy0kMgsRQfBOHAlLuCo;16/12/2021;15;51;13;-8;-8;4
PT;Portugal;;;;;;ChIJ1SZCvy0kMgsRQfBOHAlLuCo;17/12/2021;8;47;8;-8;-8;4
PT;Portugal;;;;;;ChIJ1SZCvy0kMgsRQfBOHAlLuCo;18/12/2021;7;38;16;6;6;1
PT;Portugal;;;;;;ChIJ1SZCvy0kMgsRQfBOHAlLuCo;19/12/2021;6;32;-1;-3;7;2
PT;Portugal;;;;;;ChIJ1SZCvy0kMgsRQfBOHAlLuCo;20/12/2021;12;52;-18;-18;-19;8
PT;Portugal;;;;;;ChIJ1SZCvy0kMgsRQfBOHAlLuCo;21/12/2021;21;66;-5;-11;-19;6
PT;Portugal;;;;;;ChIJ1SZCvy0kMgsRQfBOHAlLuCo;22/12/2021;26;79;9;-8;-21;5
PT;Portugal;;;;;;ChIJ1SZCvy0kMgsRQfBOHAlLuCo;23/12/2021;34;101;18;-8;-29;6
PT;Portugal;;;;;;ChIJ1SZCvy0kMgsRQfBOHAlLuCo;24/12/2021;-13;62;-18;-39;-65;15
PT;Portugal;;;;;;ChIJ1SZCvy0kMgsRQfBOHAlLuCo;25/12/2021;-73;-78;-34;-55;-67;11
PT;Portugal;;;;;;ChIJ1SZCvy0kMgsRQfBOHAlLuCo;26/12/2021;-34;1;-49;-31;-15;9
PT;Portugal;;;;;;ChIJ1SZCvy0kMgsRQfBOHAlLuCo;27/12/2021;6;52;16;-26;-43;15
PT;Portugal;;;;;;ChIJ1SZCvy0kMgsRQfBOHAlLuCo;28/12/2021;8;55;15;-24;-42;15
PT;Portugal;;;;;;ChIJ1SZCvy0kMgsRQfBOHAlLuCo;29/12/2021;11;62;36;-21;-42;14
PT;Portugal;;;;;;ChIJ1SZCvy0kMgsRQfBOHAlLuCo;30/12/2021;16;85;49;-21;-43;13
PT;Portugal;;;;;;ChIJ1SZCvy0kMgsRQfBOHAlLuCo;31/12/2021;-13;72;33;-36;-61;18
PT;Portugal;;;;;;ChIJ1SZCvy0kMgsRQfBOHAlLuCo;01/01/2022;-64;-75;21;-43;-62;13
PT;Portugal;;;;;;ChIJ1SZCvy0kMgsRQfBOHAlLuCo;02/01/2022;-20;19;1;-18;-9;7
PT;Portugal;;;;;;ChIJ1SZCvy0kMgsRQfBOHAlLuCo;03/01/2022;-7;42;1;-28;-34;15
PT;Portugal;;;;;;ChIJ1SZCvy0kMgsRQfBOHAlLuCo;04/01/2022;-9;40;-16;-30;-33;16
PT;Portugal;;;;;;ChIJ1SZCvy0kMgsRQfBOHAlLuCo;05/01/2022;-10;37;-13;-31;-32;15
PT;Portugal;;;;;;ChIJ1SZCvy0kMgsRQfBOHAlLuCo;06/01/2022;-4;42;5;-30;-32;15
PT;Portugal;;;;;;ChIJ1SZCvy0kMgsRQfBOHAlLuCo;07/01/2022;-12;35;0;-30;-30;16
PT;Portugal;;;;;;ChIJ1SZCvy0kMgsRQfBOHAlLuCo;08/01/2022;-15;25;-3;-20;-5;8
PT;Portugal;;;;;;ChIJ1SZCvy0kMgsRQfBOHAlLuCo;09/01/2022;-23;12;-33;-26;-4;9
PT;Portugal;;;;;;ChIJ1SZCvy0kMgsRQfBOHAlLuCo;10/01/2022;-3;41;-12;-23;-16;10
PT;Portugal;;;;;;ChIJ1SZCvy0kMgsRQfBOHAlLuCo;11/01/2022;-1;39;-2;-22;-15;9
PT;Portugal;;;;;;ChIJ1SZCvy0kMgsRQfBOHAlLuCo;12/01/2022;-3;36;3;-22;-15;9
PT;Portugal;;;;;;ChIJ1SZCvy0kMgsRQfBOHAlLuCo;13/01/2022;-1;39;4;-23;-16;9
PT;Portugal;;;;;;ChIJ1SZCvy0kMgsRQfBOHAlLuCo;14/01/2022;-8;36;-6;-22;-15;10
PT;Portugal;;;;;;ChIJ1SZCvy0kMgsRQfBOHAlLuCo;15/01/2022;-11;23;-10;-21;-1;6
PT;Portugal;;;;;;ChIJ1SZCvy0kMgsRQfBOHAlLuCo;16/01/2022;-14;15;-10;-24;-2;6
PT;Portugal;;;;;;ChIJ1SZCvy0kMgsRQfBOHAlLuCo;17/01/2022;-6;36;-2;-23;-14;9
PT;Portugal;;;;;;ChIJ1SZCvy0kMgsRQfBOHAlLuCo;18/01/2022;-5;35;-5;-23;-14;9
PT;Portugal;;;;;;ChIJ1SZCvy0kMgsRQfBOHAlLuCo;19/01/2022;-4;37;2;-22;-14;9
PT;Portugal;;;;;;ChIJ1SZCvy0kMgsRQfBOHAlLuCo;20/01/2022;-2;39;5;-23;-15;9
PT;Portugal;;;;;;ChIJ1SZCvy0kMgsRQfBOHAlLuCo;21/01/2022;-9;38;-6;-22;-15;10
PT;Portugal;;;;;;ChIJ1SZCvy0kMgsRQfBOHAlLuCo;22/01/2022;-12;24;-2;-22;-2;7
PT;Portugal;;;;;;ChIJ1SZCvy0kMgsRQfBOHAlLuCo;23/01/2022;-14;15;-4;-24;-2;7
PT;Portugal;;;;;;ChIJ1SZCvy0kMgsRQfBOHAlLuCo;24/01/2022;-8;36;-4;-25;-16;10
PT;Portugal;;;;;;ChIJ1SZCvy0kMgsRQfBOHAlLuCo;25/01/2022;-6;36;-3;-24;-16;10
PT;Portugal;;;;;;ChIJ1SZCvy0kMgsRQfBOHAlLuCo;26/01/2022;-6;34;0;-23;-16;10
PT;Portugal;;;;;;ChIJ1SZCvy0kMgsRQfBOHAlLuCo;27/01/2022;-3;36;5;-23;-16;10
PT;Portugal;;;;;;ChIJ1SZCvy0kMgsRQfBOHAlLuCo;28/01/2022;-7;36;-1;-21;-15;10
PT;Portugal;;;;;;ChIJ1SZCvy0kMgsRQfBOHAlLuCo;29/01/2022;-10;24;5;-19;-1;6
PT;Portugal;;;;;;ChIJ1SZCvy0kMgsRQfBOHAlLuCo;30/01/2022;-5;25;3;-16;2;4
PT;Portugal;;;;;;ChIJ1SZCvy0kMgsRQfBOHAlLuCo;31/01/2022;-3;38;2;-21;-15;9
PT;Portugal;;;;;;ChIJ1SZCvy0kMgsRQfBOHAlLuCo;01/02/2022;0;41;4;-18;-14;8
PT;Portugal;;;;;;ChIJ1SZCvy0kMgsRQfBOHAlLuCo;02/02/2022;1;39;10;-17;-13;8
PT;Portugal;;;;;;ChIJ1SZCvy0kMgsRQfBOHAlLuCo;03/02/2022;2;39;6;-19;-13;8
PT;Portugal;;;;;;ChIJ1SZCvy0kMgsRQfBOHAlLuCo;04/02/2022;-5;36;-5;-18;-12;9
PT;Portugal;;;;;;ChIJ1SZCvy0kMgsRQfBOHAlLuCo;05/02/2022;-4;27;12;-13;2;4
PT;Portugal;;;;;;ChIJ1SZCvy0kMgsRQfBOHAlLuCo;06/02/2022;-6;19;13;-14;2;4
PT;Portugal;;;;;;ChIJ1SZCvy0kMgsRQfBOHAlLuCo;07/02/2022;0;37;10;-17;-11;7
PT;Portugal;;;;;;ChIJ1SZCvy0kMgsRQfBOHAlLuCo;08/02/2022;2;40;11;-15;-11;6
PT;Portugal;;;;;;ChIJ1SZCvy0kMgsRQfBOHAlLuCo;09/02/2022;3;39;16;-13;-10;6
PT;Portugal;;;;;;ChIJ1SZCvy0kMgsRQfBOHAlLuCo;10/02/2022;5;40;13;-13;-11;6
PT;Portugal;;;;;;ChIJ1SZCvy0kMgsRQfBOHAlLuCo;11/02/2022;0;37;11;-11;-9;6
PT;Portugal;;;;;;ChIJ1SZCvy0kMgsRQfBOHAlLuCo;12/02/2022;-2;27;11;-8;4;3
PT;Portugal;;;;;;ChIJ1SZCvy0kMgsRQfBOHAlLuCo;13/02/2022;-13;15;-31;-19;2;5
PT;Portugal;;;;;;ChIJ1SZCvy0kMgsRQfBOHAlLuCo;14/02/2022;14;49;15;-12;-9;5
PT;Portugal;;;;;;ChIJ1SZCvy0kMgsRQfBOHAlLuCo;15/02/2022;2;35;9;-11;-8;6
PT;Portugal;;;;;;ChIJ1SZCvy0kMgsRQfBOHAlLuCo;16/02/2022;2;37;8;-11;-8;6
PT;Portugal;;;;;;ChIJ1SZCvy0kMgsRQfBOHAlLuCo;17/02/2022;6;38;19;-10;-8;5
PT;Portugal;;;;;;ChIJ1SZCvy0kMgsRQfBOHAlLuCo;18/02/2022;-1;36;0;-11;-7;6
PT;Portugal;;;;;;ChIJ1SZCvy0kMgsRQfBOHAlLuCo;19/02/2022;-2;26;9;-7;5;3
PT;Portugal;;;;;;ChIJ1SZCvy0kMgsRQfBOHAlLuCo;20/02/2022;-3;19;21;-5;6;2
PT;Portugal;;;;;;ChIJ1SZCvy0kMgsRQfBOHAlLuCo;21/02/2022;2;37;18;-11;-6;5
PT;Portugal;;;;;;ChIJ1SZCvy0kMgsRQfBOHAlLuCo;22/02/2022;5;37;24;-8;-6;4
PT;Portugal;;;;;;ChIJ1SZCvy0kMgsRQfBOHAlLuCo;23/02/2022;6;37;21;-6;-5;4
PT;Portugal;;;;;;ChIJ1SZCvy0kMgsRQfBOHAlLuCo;24/02/2022;4;36;11;-9;-6;5
PT;Portugal;;;;;;ChIJ1SZCvy0kMgsRQfBOHAlLuCo;25/02/2022;1;37;18;-6;-5;4
PT;Portugal;;;;;;ChIJ1SZCvy0kMgsRQfBOHAlLuCo;26/02/2022;-1;29;19;0;5;2
PT;Portugal;;;;;;ChIJ1SZCvy0kMgsRQfBOHAlLuCo;27/02/2022;1;20;34;0;5;1
PT;Portugal;;;;;;ChIJ1SZCvy0kMgsRQfBOHAlLuCo;28/02/2022;17;51;50;-8;-18;5
PT;Portugal;;;;;;ChIJ1SZCvy0kMgsRQfBOHAlLuCo;01/03/2022;-1;32;39;-26;-63;19
PT;Portugal;;;;;;ChIJ1SZCvy0kMgsRQfBOHAlLuCo;02/03/2022;2;42;16;-5;-6;4
PT;Portugal;;;;;;ChIJ1SZCvy0kMgsRQfBOHAlLuCo;03/03/2022;1;39;4;-9;-6;5
PT;Portugal;;;;;;ChIJ1SZCvy0kMgsRQfBOHAlLuCo;04/03/2022;-2;39;8;-7;-5;5
PT;Portugal;;;;;;ChIJ1SZCvy0kMgsRQfBOHAlLuCo;05/03/2022;-5;28;-6;-7;6;4
PT;Portugal;;;;;;ChIJ1SZCvy0kMgsRQfBOHAlLuCo;06/03/2022;-5;24;10;-1;8;3
PT;Portugal;;;;;;ChIJ1SZCvy0kMgsRQfBOHAlLuCo;07/03/2022;-1;37;7;-8;-5;6
PT;Portugal;;;;;;ChIJ1SZCvy0kMgsRQfBOHAlLuCo;08/03/2022;6;42;6;-6;-4;5
PT;Portugal;;;;;;ChIJ1SZCvy0kMgsRQfBOHAlLuCo;09/03/2022;-3;33;2;-7;-4;6
PT;Portugal;;;;;;ChIJ1SZCvy0kMgsRQfBOHAlLuCo;10/03/2022;-2;36;3;-7;-4;6
PT;Portugal;;;;;;ChIJ1SZCvy0kMgsRQfBOHAlLuCo;11/03/2022;-4;32;2;-6;-4;6
PT;Portugal;;;;;;ChIJ1SZCvy0kMgsRQfBOHAlLuCo;12/03/2022;-12;17;-28;-11;5;7
PT;Portugal;;;;;;ChIJ1SZCvy0kMgsRQfBOHAlLuCo;13/03/2022;-10;16;-11;-4;7;6
PT;Portugal;;;;;;ChIJ1SZCvy0kMgsRQfBOHAlLuCo;14/03/2022;-6;27;-1;-9;-4;8
PT;Portugal;;;;;;ChIJ1SZCvy0kMgsRQfBOHAlLuCo;15/03/2022;-3;29;5;-6;-3;7
PT;Portugal;;;;;;ChIJ1SZCvy0kMgsRQfBOHAlLuCo;16/03/2022;-3;29;5;-5;-3;7
PT;Portugal;;;;;;ChIJ1SZCvy0kMgsRQfBOHAlLuCo;17/03/2022;1;30;16;-4;-3;6
PT;Portugal;;;;;;ChIJ1SZCvy0kMgsRQfBOHAlLuCo;18/03/2022;0;30;24;-2;-4;5
PT;Portugal;;;;;;ChIJ1SZCvy0kMgsRQfBOHAlLuCo;19/03/2022;2;21;27;4;6;2
PT;Portugal;;;;;;ChIJ1SZCvy0kMgsRQfBOHAlLuCo;20/03/2022;-14;7;-21;-8;4;6
PT;Portugal;;;;;;ChIJ1SZCvy0kMgsRQfBOHAlLuCo;21/03/2022;-4;30;10;-7;-3;7
PT;Portugal;;;;;;ChIJ1SZCvy0kMgsRQfBOHAlLuCo;22/03/2022;-5;26;-4;-7;-3;7
PT;Portugal;;;;;;ChIJ1SZCvy0kMgsRQfBOHAlLuCo;23/03/2022;-3;28;3;-6;-3;7
PT;Portugal;;;;;;ChIJ1SZCvy0kMgsRQfBOHAlLuCo;24/03/2022;1;29;14;-4;-3;6
PT;Portugal;;;;;;ChIJ1SZCvy0kMgsRQfBOHAlLuCo;25/03/2022;-3;30;12;-4;-3;6
PT;Portugal;;;;;;ChIJ1SZCvy0kMgsRQfBOHAlLuCo;26/03/2022;-2;20;19;2;7;3
PT;Portugal;;;;;;ChIJ1SZCvy0kMgsRQfBOHAlLuCo;27/03/2022;-7;14;17;2;6;4
PT;Portugal;;;;;;ChIJ1SZCvy0kMgsRQfBOHAlLuCo;28/03/2022;-3;28;19;-5;-3;7
PT;Portugal;;;;;;ChIJ1SZCvy0kMgsRQfBOHAlLuCo;29/03/2022;0;29;13;-2;-2;6
PT;Portugal;;;;;;ChIJ1SZCvy0kMgsRQfBOHAlLuCo;30/03/2022;2;31;25;1;-1;5
PT;Portugal;;;;;;ChIJ1SZCvy0kMgsRQfBOHAlLuCo;31/03/2022;6;35;18;1;-2;5
PT;Portugal;;;;;;ChIJ1SZCvy0kMgsRQfBOHAlLuCo;01/04/2022;3;33;25;3;-2;4
PT;Portugal;;;;;;ChIJ1SZCvy0kMgsRQfBOHAlLuCo;02/04/2022;4;25;31;11;7;1
PT;Portugal;;;;;;ChIJ1SZCvy0kMgsRQfBOHAlLuCo;03/04/2022;0;20;17;8;7;3
PT;Portugal;;;;;;ChIJ1SZCvy0kMgsRQfBOHAlLuCo;04/04/2022;1;33;15;-2;-3;6
PT;Portugal;;;;;;ChIJ1SZCvy0kMgsRQfBOHAlLuCo;05/04/2022;3;33;12;0;-3;5
PT;Portugal;;;;;;ChIJ1SZCvy0kMgsRQfBOHAlLuCo;06/04/2022;5;34;36;4;-2;4
PT;Portugal;;;;;;ChIJ1SZCvy0kMgsRQfBOHAlLuCo;07/04/2022;7;35;30;3;-3;5
PT;Portugal;;;;;;ChIJ1SZCvy0kMgsRQfBOHAlLuCo;08/04/2022;1;36;13;2;-3;5
PT;Portugal;;;;;;ChIJ1SZCvy0kMgsRQfBOHAlLuCo;09/04/2022;4;28;18;11;8;2
PT;Portugal;;;;;;ChIJ1SZCvy0kMgsRQfBOHAlLuCo;10/04/2022;3;23;29;11;8;2
PT;Portugal;;;;;;ChIJ1SZCvy0kMgsRQfBOHAlLuCo;11/04/2022;5;37;22;-3;-13;8
PT;Portugal;;;;;;ChIJ1SZCvy0kMgsRQfBOHAlLuCo;12/04/2022;10;39;33;1;-13;7
PT;Portugal;;;;;;ChIJ1SZCvy0kMgsRQfBOHAlLuCo;13/04/2022;14;41;59;6;-15;6
PT;Portugal;;;;;;ChIJ1SZCvy0kMgsRQfBOHAlLuCo;14/04/2022;30;56;105;9;-21;3
PT;Portugal;;;;;;ChIJ1SZCvy0kMgsRQfBOHAlLuCo;15/04/2022;4;37;132;-18;-66;18
PT;Portugal;;;;;;ChIJ1SZCvy0kMgsRQfBOHAlLuCo;16/04/2022;5;36;79;9;-8;3
PT;Portugal;;;;;;ChIJ1SZCvy0kMgsRQfBOHAlLuCo;17/04/2022;-18;-26;33;5;-3;-2
PT;Portugal;;;;;;ChIJ1SZCvy0kMgsRQfBOHAlLuCo;18/04/2022;4;38;52;-2;-34;10
PT;Portugal;;;;;;ChIJ1SZCvy0kMgsRQfBOHAlLuCo;19/04/2022;4;36;22;3;-4;5
PT;Portugal;;;;;;ChIJ1SZCvy0kMgsRQfBOHAlLuCo;20/04/2022;6;36;33;5;-3;5
PT;Portugal;;;;;;ChIJ1SZCvy0kMgsRQfBOHAlLuCo;21/04/2022;8;36;26;3;-3;5
PT;Portugal;;;;;;ChIJ1SZCvy0kMgsRQfBOHAlLuCo;22/04/2022;-1;34;1;-1;-5;6
PT;Portugal;;;;;;ChIJ1SZCvy0kMgsRQfBOHAlLuCo;23/04/2022;3;28;22;10;7;2
PT;Portugal;;;;;;ChIJ1SZCvy0kMgsRQfBOHAlLuCo;24/04/2022;6;19;40;8;8;1
PT;Portugal;;;;;;ChIJ1SZCvy0kMgsRQfBOHAlLuCo;25/04/2022;4;22;103;-19;-71;19
PT;Portugal;;;;;;ChIJ1SZCvy0kMgsRQfBOHAlLuCo;26/04/2022;4;39;21;5;-3;5
PT;Portugal;;;;;;ChIJ1SZCvy0kMgsRQfBOHAlLuCo;27/04/2022;8;38;38;7;-2;4
PT;Portugal;;;;;;ChIJ1SZCvy0kMgsRQfBOHAlLuCo;28/04/2022;13;40;48;7;-2;4
PT;Portugal;;;;;;ChIJ1SZCvy0kMgsRQfBOHAlLuCo;29/04/2022;10;40;48;8;-2;3
PT;Portugal;;;;;;ChIJ1SZCvy0kMgsRQfBOHAlLuCo;30/04/2022;12;35;58;23;12;-1
PT;Portugal;;;;;;ChIJ1SZCvy0kMgsRQfBOHAlLuCo;01/05/2022;15;30;39;25;13;-1
PT;Portugal;;;;;;ChIJ1SZCvy0kMgsRQfBOHAlLuCo;02/05/2022;8;43;33;6;-3;5
PT;Portugal;;;;;;ChIJ1SZCvy0kMgsRQfBOHAlLuCo;03/05/2022;11;43;36;11;-3;4
PT;Portugal;;;;;;ChIJ1SZCvy0kMgsRQfBOHAlLuCo;04/05/2022;12;41;50;10;-1;3
PT;Portugal;;;;;;ChIJ1SZCvy0kMgsRQfBOHAlLuCo;05/05/2022;15;42;57;9;-2;3
PT;Portugal;;;;;;ChIJ1SZCvy0kMgsRQfBOHAlLuCo;06/05/2022;10;39;53;9;-2;3
PT;Portugal;;;;;;ChIJ1SZCvy0kMgsRQfBOHAlLuCo;07/05/2022;9;27;59;23;10;-1
PT;Portugal;;;;;;ChIJ1SZCvy0kMgsRQfBOHAlLuCo;08/05/2022;6;26;54;22;11;0
PT;Portugal;;;;;;ChIJ1SZCvy0kMgsRQfBOHAlLuCo;09/05/2022;8;43;46;6;-2;5
PT;Portugal;;;;;;ChIJ1SZCvy0kMgsRQfBOHAlLuCo;10/05/2022;11;44;44;8;-2;4
PT;Portugal;;;;;;ChIJ1SZCvy0kMgsRQfBOHAlLuCo;11/05/2022;11;41;53;10;-2;4
PT;Portugal;;;;;;ChIJ1SZCvy0kMgsRQfBOHAlLuCo;12/05/2022;13;41;57;10;-3;4
PT;Portugal;;;;;;ChIJ1SZCvy0kMgsRQfBOHAlLuCo;13/05/2022;7;37;56;8;-3;3
PT;Portugal;;;;;;ChIJ1SZCvy0kMgsRQfBOHAlLuCo;14/05/2022;5;27;49;18;8;1
PT;Portugal;;;;;;ChIJ1SZCvy0kMgsRQfBOHAlLuCo;15/05/2022;-1;23;12;10;10;3
PT;Portugal;;;;;;ChIJ1SZCvy0kMgsRQfBOHAlLuCo;16/05/2022;4;40;29;0;-4;6
PT;Portugal;;;;;;ChIJ1SZCvy0kMgsRQfBOHAlLuCo;17/05/2022;8;40;39;8;-2;5
PT;Portugal;;;;;;ChIJ1SZCvy0kMgsRQfBOHAlLuCo;18/05/2022;8;38;44;9;-2;4
PT;Portugal;;;;;;ChIJ1SZCvy0kMgsRQfBOHAlLuCo;19/05/2022;12;40;55;9;-3;4
PT;Portugal;;;;;;ChIJ1SZCvy0kMgsRQfBOHAlLuCo;20/05/2022;7;37;58;7;-6;4
PT;Portugal;;;;;;ChIJ1SZCvy0kMgsRQfBOHAlLuCo;21/05/2022;3;26;37;15;7;1
PT;Portugal;;;;;;ChIJ1SZCvy0kMgsRQfBOHAlLuCo;22/05/2022;-2;19;16;13;9;3
PT;Portugal;;;;;;ChIJ1SZCvy0kMgsRQfBOHAlLuCo;23/05/2022;5;39;36;5;-4;6
PT;Portugal;;;;;;ChIJ1SZCvy0kMgsRQfBOHAlLuCo;24/05/2022;7;39;33;8;-2;5
PT;Portugal;;;;;;ChIJ1SZCvy0kMgsRQfBOHAlLuCo;25/05/2022;11;40;55;11;-2;4
PT;Portugal;;;;;;ChIJ1SZCvy0kMgsRQfBOHAlLuCo;26/05/2022;15;40;74;10;-7;4
PT;Portugal;;;;;;ChIJ1SZCvy0kMgsRQfBOHAlLuCo;27/05/2022;10;39;73;9;-4;2
PT;Portugal;;;;;;ChIJ1SZCvy0kMgsRQfBOHAlLuCo;28/05/2022;5;28;69;18;9;-1
PT;Portugal;;;;;;ChIJ1SZCvy0kMgsRQfBOHAlLuCo;29/05/2022;1;23;27;13;11;2
PT;Portugal;;;;;;ChIJ1SZCvy0kMgsRQfBOHAlLuCo;30/05/2022;5;41;26;5;-2;6
PT;Portugal;;;;;;ChIJ1SZCvy0kMgsRQfBOHAlLuCo;31/05/2022;11;46;29;11;-1;5
PT;Portugal;;;;;;ChIJ1SZCvy0kMgsRQfBOHAlLuCo;01/06/2022;18;47;46;14;-2;4
PT;Portugal;;;;;;ChIJ1SZCvy0kMgsRQfBOHAlLuCo;02/06/2022;13;44;48;10;-2;4
PT;Portugal;;;;;;ChIJ1SZCvy0kMgsRQfBOHAlLuCo;03/06/2022;8;39;46;9;-3;4
PT;Portugal;;;;;;ChIJ1SZCvy0kMgsRQfBOHAlLuCo;04/06/2022;8;31;58;27;10;0
PT;Portugal;;;;;;ChIJ1SZCvy0kMgsRQfBOHAlLuCo;05/06/2022;6;27;50;25;12;0
PT;Portugal;;;;;;ChIJ1SZCvy0kMgsRQfBOHAlLuCo;06/06/2022;10;41;51;9;-5;5
PT;Portugal;;;;;;ChIJ1SZCvy0kMgsRQfBOHAlLuCo;07/06/2022;13;42;57;13;-4;4
PT;Portugal;;;;;;ChIJ1SZCvy0kMgsRQfBOHAlLuCo;08/06/2022;14;45;52;15;-4;4
PT;Portugal;;;;;;ChIJ1SZCvy0kMgsRQfBOHAlLuCo;09/06/2022;28;53;90;22;-6;-1
PT;Portugal;;;;;;ChIJ1SZCvy0kMgsRQfBOHAlLuCo;10/06/2022;2;33;133;-8;-67;15
PT;Portugal;;;;;;ChIJ1SZCvy0kMgsRQfBOHAlLuCo;11/06/2022;2;29;93;22;-1;0
PT;Portugal;;;;;;ChIJ1SZCvy0kMgsRQfBOHAlLuCo;12/06/2022;1;24;68;27;10;-3
PT;Portugal;;;;;;ChIJ1SZCvy0kMgsRQfBOHAlLuCo;13/06/2022;13;46;86;-2;-20;6
PT;Portugal;;;;;;ChIJ1SZCvy0kMgsRQfBOHAlLuCo;14/06/2022;13;45;60;9;-7;4
PT;Portugal;;;;;;ChIJ1SZCvy0kMgsRQfBOHAlLuCo;15/06/2022;21;47;69;14;-8;2
PT;Portugal;;;;;;ChIJ1SZCvy0kMgsRQfBOHAlLuCo;16/06/2022;11;35;96;-18;-69;20
PT;Portugal;;;;;;ChIJ1SZCvy0kMgsRQfBOHAlLuCo;17/06/2022;10;45;87;5;-23;7
PT;Portugal;;;;;;ChIJ1SZCvy0kMgsRQfBOHAlLuCo;18/06/2022;3;25;76;22;7;0
PT;Portugal;;;;;;ChIJ1SZCvy0kMgsRQfBOHAlLuCo;19/06/2022;0;23;36;19;13;1
PT;Portugal;;;;;;ChIJ1SZCvy0kMgsRQfBOHAlLuCo;20/06/2022;11;43;53;9;-7;6
PT;Portugal;;;;;;ChIJ1SZCvy0kMgsRQfBOHAlLuCo;21/06/2022;12;43;42;11;-5;5
PT;Portugal;;;;;;ChIJ1SZCvy0kMgsRQfBOHAlLuCo;22/06/2022;14;44;60;12;-6;5
PT;Portugal;;;;;;ChIJ1SZCvy0kMgsRQfBOHAlLuCo;23/06/2022;19;47;96;14;-7;2
PT;Portugal;;;;;;ChIJ1SZCvy0kMgsRQfBOHAlLuCo;24/06/2022;7;37;85;4;-21;8
PT;Portugal;;;;;;ChIJ1SZCvy0kMgsRQfBOHAlLuCo;25/06/2022;8;28;84;25;11;0
PT;Portugal;;;;;;ChIJ1SZCvy0kMgsRQfBOHAlLuCo;26/06/2022;4;25;52;18;14;1
PT;Portugal;;;;;;ChIJ1SZCvy0kMgsRQfBOHAlLuCo;27/06/2022;13;42;58;10;-7;5
PT;Portugal;;;;;;ChIJ1SZCvy0kMgsRQfBOHAlLuCo;28/06/2022;17;44;67;13;-7;4
PT;Portugal;;;;;;ChIJ1SZCvy0kMgsRQfBOHAlLuCo;29/06/2022;18;45;69;13;-9;5
PT;Portugal;;;;;;ChIJ1SZCvy0kMgsRQfBOHAlLuCo;30/06/2022;24;50;77;16;-7;3
PT;Portugal;;;;;;ChIJ1SZCvy0kMgsRQfBOHAlLuCo;01/07/2022;15;44;87;13;-10;3
PT;Portugal;;;;;;ChIJ1SZCvy0kMgsRQfBOHAlLuCo;02/07/2022;12;35;96;30;11;-3
PT;Portugal;;;;;;ChIJ1SZCvy0kMgsRQfBOHAlLuCo;03/07/2022;9;31;58;27;14;-1
PT;Portugal;;;;;;ChIJ1SZCvy0kMgsRQfBOHAlLuCo;04/07/2022;17;48;77;12;-11;5
PT;Portugal;;;;;;ChIJ1SZCvy0kMgsRQfBOHAlLuCo;05/07/2022;19;48;80;15;-9;4
PT;Portugal;;;;;;ChIJ1SZCvy0kMgsRQfBOHAlLuCo;06/07/2022;21;48;104;18;-9;3
PT;Portugal;;;;;;ChIJ1SZCvy0kMgsRQfBOHAlLuCo;07/07/2022;24;47;122;16;-10;3
PT;Portugal;;;;;;ChIJ1SZCvy0kMgsRQfBOHAlLuCo;08/07/2022;16;48;119;15;-11;2
PT;Portugal;;;;;;ChIJ1SZCvy0kMgsRQfBOHAlLuCo;09/07/2022;10;36;117;31;8;-4
PT;Portugal;;;;;;ChIJ1SZCvy0kMgsRQfBOHAlLuCo;10/07/2022;9;34;82;28;12;-3
PT;Portugal;;;;;;ChIJ1SZCvy0kMgsRQfBOHAlLuCo;11/07/2022;21;54;93;13;-12;4
PT;Portugal;;;;;;ChIJ1SZCvy0kMgsRQfBOHAlLuCo;12/07/2022;22;52;96;13;-11;4
PT;Portugal;;;;;;ChIJ1SZCvy0kMgsRQfBOHAlLuCo;13/07/2022;22;49;106;16;-11;4
PT;Portugal;;;;;;ChIJ1SZCvy0kMgsRQfBOHAlLuCo;14/07/2022;25;51;111;11;-11;4
PT;Portugal;;;;;;ChIJ1SZCvy0kMgsRQfBOHAlLuCo;15/07/2022;13;40;103;12;-12;4
PT;Portugal;;;;;;ChIJ1SZCvy0kMgsRQfBOHAlLuCo;16/07/2022;13;37;104;32;9;-3
PT;Portugal;;;;;;ChIJ1SZCvy0kMgsRQfBOHAlLuCo;17/07/2022;10;34;78;27;13;-2
PT;Portugal;;;;;;ChIJ1SZCvy0kMgsRQfBOHAlLuCo;18/07/2022;22;51;102;12;-14;10
PT;Portugal;;;;;;ChIJ1SZCvy0kMgsRQfBOHAlLuCo;19/07/2022;25;53;99;15;-12;14
PT;Portugal;;;;;;ChIJ1SZCvy0kMgsRQfBOHAlLuCo;20/07/2022;26;52;123;16;-11;4
PT;Portugal;;;;;;ChIJ1SZCvy0kMgsRQfBOHAlLuCo;21/07/2022;28;53;126;14;-12;4
PT;Portugal;;;;;;ChIJ1SZCvy0kMgsRQfBOHAlLuCo;22/07/2022;19;50;120;12;-11;3
PT;Portugal;;;;;;ChIJ1SZCvy0kMgsRQfBOHAlLuCo;23/07/2022;14;39;119;27;10;-3
PT;Portugal;;;;;;ChIJ1SZCvy0kMgsRQfBOHAlLuCo;24/07/2022;9;30;82;21;12;-1
PT;Portugal;;;;;;ChIJ1SZCvy0kMgsRQfBOHAlLuCo;25/07/2022;26;57;126;11;-14;6
PT;Portugal;;;;;;ChIJ1SZCvy0kMgsRQfBOHAlLuCo;26/07/2022;30;58;125;17;-13;5
PT;Portugal;;;;;;ChIJ1SZCvy0kMgsRQfBOHAlLuCo;27/07/2022;32;58;139;19;-13;4
PT;Portugal;;;;;;ChIJ1SZCvy0kMgsRQfBOHAlLuCo;28/07/2022;36;61;141;17;-14;4
PT;Portugal;;;;;;ChIJ1SZCvy0kMgsRQfBOHAlLuCo;29/07/2022;27;59;134;16;-13;3
PT;Portugal;;;;;;ChIJ1SZCvy0kMgsRQfBOHAlLuCo;30/07/2022;20;46;127;35;10;-4
PT;Portugal;;;;;;ChIJ1SZCvy0kMgsRQfBOHAlLuCo;31/07/2022;20;44;105;37;15;-4
PT;Portugal;;;;;;ChIJ1SZCvy0kMgsRQfBOHAlLuCo;01/08/2022;37;70;153;17;-20;5
PT;Portugal;;;;;;ChIJ1SZCvy0kMgsRQfBOHAlLuCo;02/08/2022;40;70;149;19;-19;5
PT;Portugal;;;;;;ChIJ1SZCvy0kMgsRQfBOHAlLuCo;03/08/2022;41;69;168;21;-19;5
PT;Portugal;;;;;;ChIJ1SZCvy0kMgsRQfBOHAlLuCo;04/08/2022;44;68;173;19;-20;5
PT;Portugal;;;;;;ChIJ1SZCvy0kMgsRQfBOHAlLuCo;05/08/2022;30;61;151;15;-20;4
PT;Portugal;;;;;;ChIJ1SZCvy0kMgsRQfBOHAlLuCo;06/08/2022;24;48;132;35;6;-2
PT;Portugal;;;;;;ChIJ1SZCvy0kMgsRQfBOHAlLuCo;07/08/2022;25;45;106;35;14;-2
PT;Portugal;;;;;;ChIJ1SZCvy0kMgsRQfBOHAlLuCo;08/08/2022;42;74;171;17;-24;6
PT;Portugal;;;;;;ChIJ1SZCvy0kMgsRQfBOHAlLuCo;09/08/2022;42;70;174;20;-23;5
PT;Portugal;;;;;;ChIJ1SZCvy0kMgsRQfBOHAlLuCo;10/08/2022;43;70;196;22;-23;4
PT;Portugal;;;;;;ChIJ1SZCvy0kMgsRQfBOHAlLuCo;11/08/2022;45;69;203;19;-23;5
PT;Portugal;;;;;;ChIJ1SZCvy0kMgsRQfBOHAlLuCo;12/08/2022;31;62;182;17;-23;4
PT;Portugal;;;;;;ChIJ1SZCvy0kMgsRQfBOHAlLuCo;13/08/2022;24;49;142;38;4;-3
PT;Portugal;;;;;;ChIJ1SZCvy0kMgsRQfBOHAlLuCo;14/08/2022;28;45;138;38;15;-3
PT;Portugal;;;;;;ChIJ1SZCvy0kMgsRQfBOHAlLuCo;15/08/2022;33;58;252;-1;-71;15
PT;Portugal;;;;;;ChIJ1SZCvy0kMgsRQfBOHAlLuCo;16/08/2022;42;79;165;20;-33;10
PT;Portugal;;;;;;ChIJ1SZCvy0kMgsRQfBOHAlLuCo;17/08/2022;42;73;191;21;-31;10
PT;Portugal;;;;;;ChIJ1SZCvy0kMgsRQfBOHAlLuCo;18/08/2022;43;70;220;17;-31;10
PT;Portugal;;;;;;ChIJ1SZCvy0kMgsRQfBOHAlLuCo;19/08/2022;26;62;192;11;-31;10
PT;Portugal;;;;;;ChIJ1SZCvy0kMgsRQfBOHAlLuCo;20/08/2022;17;43;146;33;3;1
PT;Portugal;;;;;;ChIJ1SZCvy0kMgsRQfBOHAlLuCo;21/08/2022;19;42;109;32;18;0
PT;Portugal;;;;;;ChIJ1SZCvy0kMgsRQfBOHAlLuCo;22/08/2022;34;67;172;12;-31;11
PT;Portugal;;;;;;ChIJ1SZCvy0kMgsRQfBOHAlLuCo;23/08/2022;35;66;170;15;-29;10
PT;Portugal;;;;;;ChIJ1SZCvy0kMgsRQfBOHAlLuCo;24/08/2022;36;67;165;17;-29;10
PT;Portugal;;;;;;ChIJ1SZCvy0kMgsRQfBOHAlLuCo;25/08/2022;35;63;181;14;-29;10
PT;Portugal;;;;;;ChIJ1SZCvy0kMgsRQfBOHAlLuCo;26/08/2022;20;55;154;8;-28;10
